time,temperature_2m_mean,HDD,CDD
2021-01-01,0.9,14.6,0.0
2021-01-02,-0.3,15.8,0.0
2021-01-03,0.2,15.3,0.0
2021-01-04,-0.1,15.6,0.0
2021-01-05,0.2,15.3,0.0
2021-01-06,0.3,15.2,0.0
2021-01-07,0.0,15.5,0.0
2021-01-08,0.1,15.4,0.0
2021-01-09,-0.4,15.9,0.0
2021-01-10,-0.6,16.1,0.0
2021-01-11,-0.2,15.7,0.0
2021-01-12,1.1,14.4,0.0
2021-01-13,0.8,14.7,0.0
2021-01-14,-0.4,15.9,0.0
2021-01-15,-1.7,17.2,0.0
2021-01-16,-2.2,17.7,0.0
2021-01-17,-2.1,17.6,0.0
2021-01-18,1.8,13.7,0.0
2021-01-19,2.8,12.7,0.0
2021-01-20,5.0,10.5,0.0
2021-01-21,7.2,8.3,0.0
2021-01-22,4.5,11.0,0.0
2021-01-23,1.1,14.4,0.0
2021-01-24,0.3,15.2,0.0
2021-01-25,-1.1,16.6,0.0
2021-01-26,-0.4,15.9,0.0
2021-01-27,-0.0,15.5,0.0
2021-01-28,1.8,13.7,0.0
2021-01-29,2.8,12.7,0.0
2021-01-30,-0.0,15.5,0.0
2021-01-31,-2.5,18.0,0.0
2021-02-01,-0.0,15.5,0.0
2021-02-02,3.1,12.4,0.0
2021-02-03,7.6,7.9,0.0
2021-02-04,6.0,9.5,0.0
2021-02-05,3.3,12.2,0.0
2021-02-06,0.6,14.9,0.0
2021-02-07,-6.0,21.5,0.0
2021-02-08,-9.3,24.8,0.0
2021-02-09,-11.7,27.2,0.0
2021-02-10,-12.4,27.9,0.0
2021-02-11,-6.6,22.1,0.0
2021-02-12,-12.5,28.0,0.0
2021-02-13,-13.3,28.8,0.0
2021-02-14,-12.0,27.5,0.0
2021-02-15,-2.9,18.4,0.0
2021-02-16,2.8,12.7,0.0
2021-02-17,5.0,10.5,0.0
2021-02-18,5.0,10.5,0.0
2021-02-19,5.0,10.5,0.0
2021-02-20,7.3,8.2,0.0
2021-02-21,9.3,6.199999999999999,0.0
2021-02-22,6.7,8.8,0.0
2021-02-23,10.1,5.4,0.0
2021-02-24,11.4,4.1,0.0
2021-02-25,11.1,4.4,0.0
2021-02-26,6.4,9.1,0.0
2021-02-27,3.4,12.1,0.0
2021-02-28,3.9,11.6,0.0
2021-03-01,3.3,12.2,0.0
2021-03-02,4.4,11.1,0.0
2021-03-03,6.6,8.9,0.0
2021-03-04,4.3,11.2,0.0
2021-03-05,0.9,14.6,0.0
2021-03-06,-0.8,16.3,0.0
2021-03-07,-0.4,15.9,0.0
2021-03-08,1.7,13.8,0.0
2021-03-09,0.9,14.6,0.0
2021-03-10,3.8,11.7,0.0
2021-03-11,7.0,8.5,0.0
2021-03-12,5.5,10.0,0.0
2021-03-13,5.0,10.5,0.0
2021-03-14,3.9,11.6,0.0
2021-03-15,3.4,12.1,0.0
2021-03-16,3.1,12.4,0.0
2021-03-17,1.5,14.0,0.0
2021-03-18,0.9,14.6,0.0
2021-03-19,0.6,14.9,0.0
2021-03-20,-0.7,16.2,0.0
2021-03-21,4.0,11.5,0.0
2021-03-22,3.8,11.7,0.0
2021-03-23,5.0,10.5,0.0
2021-03-24,6.3,9.2,0.0
2021-03-25,7.9,7.6,0.0
2021-03-26,8.8,6.699999999999999,0.0
2021-03-27,5.6,9.9,0.0
2021-03-28,6.1,9.4,0.0
2021-03-29,11.4,4.1,0.0
2021-03-30,12.1,3.4000000000000004,0.0
2021-03-31,12.6,2.9000000000000004,0.0
2021-04-01,11.4,4.1,0.0
2021-04-02,5.9,9.6,0.0
2021-04-03,5.4,10.1,0.0
2021-04-04,4.1,11.4,0.0
2021-04-05,2.3,13.2,0.0
2021-04-06,0.8,14.7,0.0
2021-04-07,0.6,14.9,0.0
2021-04-08,1.9,13.6,0.0
2021-04-09,5.5,10.0,0.0
2021-04-10,6.5,9.0,0.0
2021-04-11,7.3,8.2,0.0
2021-04-12,3.0,12.5,0.0
2021-04-13,2.0,13.5,0.0
2021-04-14,1.9,13.6,0.0
2021-04-15,2.0,13.5,0.0
2021-04-16,4.6,10.9,0.0
2021-04-17,4.9,10.6,0.0
2021-04-18,7.3,8.2,0.0
2021-04-19,7.9,7.6,0.0
2021-04-20,9.3,6.199999999999999,0.0
2021-04-21,8.8,6.699999999999999,0.0
2021-04-22,4.7,10.8,0.0
2021-04-23,5.6,9.9,0.0
2021-04-24,5.2,10.3,0.0
2021-04-25,3.8,11.7,0.0
2021-04-26,4.7,10.8,0.0
2021-04-27,5.8,9.7,0.0
2021-04-28,9.4,6.1,0.0
2021-04-29,9.9,5.6,0.0
2021-04-30,7.5,8.0,0.0
2021-05-01,8.3,7.199999999999999,0.0
2021-05-02,7.1,8.4,0.0
2021-05-03,6.5,9.0,0.0
2021-05-04,9.2,6.300000000000001,0.0
2021-05-05,6.3,9.2,0.0
2021-05-06,5.8,9.7,0.0
2021-05-07,5.8,9.7,0.0
2021-05-08,8.4,7.1,0.0
2021-05-09,16.9,0.0,1.3999999999999986
2021-05-10,18.0,0.0,2.5
2021-05-11,13.9,1.5999999999999996,0.0
2021-05-12,11.8,3.6999999999999993,0.0
2021-05-13,12.1,3.4000000000000004,0.0
2021-05-14,11.8,3.6999999999999993,0.0
2021-05-15,10.5,5.0,0.0
2021-05-16,10.5,5.0,0.0
2021-05-17,10.3,5.199999999999999,0.0
2021-05-18,9.5,6.0,0.0
2021-05-19,9.8,5.699999999999999,0.0
2021-05-20,10.7,4.800000000000001,0.0
2021-05-21,13.0,2.5,0.0
2021-05-22,10.6,4.9,0.0
2021-05-23,10.1,5.4,0.0
2021-05-24,12.9,2.5999999999999996,0.0
2021-05-25,9.2,6.300000000000001,0.0
2021-05-26,9.6,5.9,0.0
2021-05-27,9.3,6.199999999999999,0.0
2021-05-28,11.2,4.300000000000001,0.0
2021-05-29,9.9,5.6,0.0
2021-05-30,12.4,3.0999999999999996,0.0
2021-05-31,14.2,1.3000000000000007,0.0
2021-06-01,14.8,0.6999999999999993,0.0
2021-06-02,18.1,0.0,2.6000000000000014
2021-06-03,19.6,0.0,4.100000000000001
2021-06-04,19.0,0.0,3.5
2021-06-05,18.4,0.0,2.8999999999999986
2021-06-06,16.4,0.0,0.8999999999999986
2021-06-07,15.7,0.0,0.1999999999999993
2021-06-08,16.8,0.0,1.3000000000000007
2021-06-09,18.0,0.0,2.5
2021-06-10,18.8,0.0,3.3000000000000007
2021-06-11,19.2,0.0,3.6999999999999993
2021-06-12,17.6,0.0,2.1000000000000014
2021-06-13,14.2,1.3000000000000007,0.0
2021-06-14,17.1,0.0,1.6000000000000014
2021-06-15,17.9,0.0,2.3999999999999986
2021-06-16,20.2,0.0,4.699999999999999
2021-06-17,24.0,0.0,8.5
2021-06-18,24.8,0.0,9.3
2021-06-19,24.6,0.0,9.100000000000001
2021-06-20,23.5,0.0,8.0
2021-06-21,20.0,0.0,4.5
2021-06-22,15.2,0.3000000000000007,0.0
2021-06-23,15.6,0.0,0.09999999999999964
2021-06-24,17.0,0.0,1.5
2021-06-25,17.0,0.0,1.5
2021-06-26,18.0,0.0,2.5
2021-06-27,19.4,0.0,3.8999999999999986
2021-06-28,21.4,0.0,5.899999999999999
2021-06-29,19.4,0.0,3.8999999999999986
2021-06-30,17.3,0.0,1.8000000000000007
2021-07-01,13.8,1.6999999999999993,0.0
2021-07-02,14.5,1.0,0.0
2021-07-03,17.0,0.0,1.5
2021-07-04,18.4,0.0,2.8999999999999986
2021-07-05,17.3,0.0,1.8000000000000007
2021-07-06,19.0,0.0,3.5
2021-07-07,18.5,0.0,3.0
2021-07-08,18.3,0.0,2.8000000000000007
2021-07-09,15.9,0.0,0.40000000000000036
2021-07-10,17.3,0.0,1.8000000000000007
2021-07-11,17.4,0.0,1.8999999999999986
2021-07-12,18.6,0.0,3.1000000000000014
2021-07-13,20.0,0.0,4.5
2021-07-14,17.4,0.0,1.8999999999999986
2021-07-15,18.0,0.0,2.5
2021-07-16,18.4,0.0,2.8999999999999986
2021-07-17,20.1,0.0,4.600000000000001
2021-07-18,19.3,0.0,3.8000000000000007
2021-07-19,16.8,0.0,1.3000000000000007
2021-07-20,15.6,0.0,0.09999999999999964
2021-07-21,16.6,0.0,1.1000000000000014
2021-07-22,18.0,0.0,2.5
2021-07-23,18.0,0.0,2.5
2021-07-24,19.7,0.0,4.199999999999999
2021-07-25,20.1,0.0,4.600000000000001
2021-07-26,20.2,0.0,4.699999999999999
2021-07-27,19.4,0.0,3.8999999999999986
2021-07-28,18.1,0.0,2.6000000000000014
2021-07-29,17.2,0.0,1.6999999999999993
2021-07-30,17.8,0.0,2.3000000000000007
2021-07-31,17.3,0.0,1.8000000000000007
2021-08-01,16.0,0.0,0.5
2021-08-02,15.4,0.09999999999999964,0.0
2021-08-03,15.1,0.40000000000000036,0.0
2021-08-04,15.4,0.09999999999999964,0.0
2021-08-05,16.2,0.0,0.6999999999999993
2021-08-06,16.5,0.0,1.0
2021-08-07,16.9,0.0,1.3999999999999986
2021-08-08,16.2,0.0,0.6999999999999993
2021-08-09,15.9,0.0,0.40000000000000036
2021-08-10,16.1,0.0,0.6000000000000014
2021-08-11,16.7,0.0,1.1999999999999993
2021-08-12,19.4,0.0,3.8999999999999986
2021-08-13,20.5,0.0,5.0
2021-08-14,18.9,0.0,3.3999999999999986
2021-08-15,18.7,0.0,3.1999999999999993
2021-08-16,15.7,0.0,0.1999999999999993
2021-08-17,13.4,2.0999999999999996,0.0
2021-08-18,15.2,0.3000000000000007,0.0
2021-08-19,16.4,0.0,0.8999999999999986
2021-08-20,16.7,0.0,1.1999999999999993
2021-08-21,18.1,0.0,2.6000000000000014
2021-08-22,17.3,0.0,1.8000000000000007
2021-08-23,16.0,0.0,0.5
2021-08-24,14.3,1.1999999999999993,0.0
2021-08-25,14.6,0.9000000000000004,0.0
2021-08-26,14.3,1.1999999999999993,0.0
2021-08-27,12.4,3.0999999999999996,0.0
2021-08-28,13.3,2.1999999999999993,0.0
2021-08-29,14.1,1.4000000000000004,0.0
2021-08-30,14.8,0.6999999999999993,0.0
2021-08-31,15.2,0.3000000000000007,0.0
2021-09-01,14.5,1.0,0.0
2021-09-02,14.6,0.9000000000000004,0.0
2021-09-03,15.6,0.0,0.09999999999999964
2021-09-04,13.8,1.6999999999999993,0.0
2021-09-05,14.0,1.5,0.0
2021-09-06,15.6,0.0,0.09999999999999964
2021-09-07,16.6,0.0,1.1000000000000014
2021-09-08,17.4,0.0,1.8999999999999986
2021-09-09,18.6,0.0,3.1000000000000014
2021-09-10,19.3,0.0,3.8000000000000007
2021-09-11,17.6,0.0,2.1000000000000014
2021-09-12,16.5,0.0,1.0
2021-09-13,14.6,0.9000000000000004,0.0
2021-09-14,17.0,0.0,1.5
2021-09-15,18.0,0.0,2.5
2021-09-16,15.1,0.40000000000000036,0.0
2021-09-17,14.0,1.5,0.0
2021-09-18,13.1,2.4000000000000004,0.0
2021-09-19,12.1,3.4000000000000004,0.0
2021-09-20,10.4,5.1,0.0
2021-09-21,11.4,4.1,0.0
2021-09-22,13.0,2.5,0.0
2021-09-23,14.1,1.4000000000000004,0.0
2021-09-24,15.0,0.5,0.0
2021-09-25,15.6,0.0,0.09999999999999964
2021-09-26,17.1,0.0,1.6000000000000014
2021-09-27,17.1,0.0,1.6000000000000014
2021-09-28,13.7,1.8000000000000007,0.0
2021-09-29,11.4,4.1,0.0
2021-09-30,10.1,5.4,0.0
2021-10-01,11.6,3.9000000000000004,0.0
2021-10-02,13.9,1.5999999999999996,0.0
2021-10-03,18.0,0.0,2.5
2021-10-04,12.3,3.1999999999999993,0.0
2021-10-05,11.4,4.1,0.0
2021-10-06,10.9,4.6,0.0
2021-10-07,11.0,4.5,0.0
2021-10-08,9.8,5.699999999999999,0.0
2021-10-09,8.1,7.4,0.0
2021-10-10,6.2,9.3,0.0
2021-10-11,8.3,7.199999999999999,0.0
2021-10-12,8.1,7.4,0.0
2021-10-13,7.0,8.5,0.0
2021-10-14,9.7,5.800000000000001,0.0
2021-10-15,9.2,6.300000000000001,0.0
2021-10-16,6.2,9.3,0.0
2021-10-17,7.3,8.2,0.0
2021-10-18,7.9,7.6,0.0
2021-10-19,10.5,5.0,0.0
2021-10-20,14.2,1.3000000000000007,0.0
2021-10-21,10.8,4.699999999999999,0.0
2021-10-22,6.6,8.9,0.0
2021-10-23,6.0,9.5,0.0
2021-10-24,5.5,10.0,0.0
2021-10-25,7.0,8.5,0.0
2021-10-26,9.8,5.699999999999999,0.0
2021-10-27,10.6,4.9,0.0
2021-10-28,9.0,6.5,0.0
2021-10-29,8.4,7.1,0.0
2021-10-30,9.0,6.5,0.0
2021-10-31,12.9,2.5999999999999996,0.0
2021-11-01,10.6,4.9,0.0
2021-11-02,6.6,8.9,0.0
2021-11-03,6.5,9.0,0.0
2021-11-04,6.1,9.4,0.0
2021-11-05,6.3,9.2,0.0
2021-11-06,6.6,8.9,0.0
2021-11-07,7.2,8.3,0.0
2021-11-08,7.0,8.5,0.0
2021-11-09,6.8,8.7,0.0
2021-11-10,2.9,12.6,0.0
2021-11-11,1.6,13.9,0.0
2021-11-12,3.2,12.3,0.0
2021-11-13,4.0,11.5,0.0
2021-11-14,6.3,9.2,0.0
2021-11-15,4.9,10.6,0.0
2021-11-16,4.3,11.2,0.0
2021-11-17,5.2,10.3,0.0
2021-11-18,6.6,8.9,0.0
2021-11-19,9.0,6.5,0.0
2021-11-20,8.8,6.699999999999999,0.0
2021-11-21,6.0,9.5,0.0
2021-11-22,2.3,13.2,0.0
2021-11-23,2.6,12.9,0.0
2021-11-24,4.3,11.2,0.0
2021-11-25,1.0,14.5,0.0
2021-11-26,2.1,13.4,0.0
2021-11-27,1.5,14.0,0.0
2021-11-28,-0.3,15.8,0.0
2021-11-29,0.2,15.3,0.0
2021-11-30,3.4,12.1,0.0
2021-12-01,5.8,9.7,0.0
2021-12-02,1.0,14.5,0.0
2021-12-03,-0.5,16.0,0.0
2021-12-04,1.9,13.6,0.0
2021-12-05,1.7,13.8,0.0
2021-12-06,-0.1,15.6,0.0
2021-12-07,1.1,14.4,0.0
2021-12-08,1.8,13.7,0.0
2021-12-09,1.3,14.2,0.0
2021-12-10,0.8,14.7,0.0
2021-12-11,-1.9,17.4,0.0
2021-12-12,1.9,13.6,0.0
2021-12-13,5.3,10.2,0.0
2021-12-14,5.6,9.9,0.0
2021-12-15,6.4,9.1,0.0
2021-12-16,6.8,8.7,0.0
2021-12-17,5.8,9.7,0.0
2021-12-18,5.3,10.2,0.0
2021-12-19,4.8,10.7,0.0
2021-12-20,-0.1,15.6,0.0
2021-12-21,-3.6,19.1,0.0
2021-12-22,-3.9,19.4,0.0
2021-12-23,-1.2,16.7,0.0
2021-12-24,4.7,10.8,0.0
2021-12-25,-3.4,18.9,0.0
2021-12-26,-4.6,20.1,0.0
2021-12-27,0.5,15.0,0.0
2021-12-28,4.0,11.5,0.0
2021-12-29,5.6,9.9,0.0
2021-12-30,10.5,5.0,0.0
2021-12-31,11.3,4.199999999999999,0.0
2022-01-01,10.2,5.300000000000001,0.0
2022-01-02,8.8,6.699999999999999,0.0
2022-01-03,7.8,7.7,0.0
2022-01-04,6.0,9.5,0.0
2022-01-05,2.2,13.3,0.0
2022-01-06,0.4,15.1,0.0
2022-01-07,0.6,14.9,0.0
2022-01-08,0.6,14.9,0.0
2022-01-09,2.3,13.2,0.0
2022-01-10,2.0,13.5,0.0
2022-01-11,0.4,15.1,0.0
2022-01-12,0.7,14.8,0.0
2022-01-13,1.4,14.1,0.0
2022-01-14,1.0,14.5,0.0
2022-01-15,2.5,13.0,0.0
2022-01-16,2.0,13.5,0.0
2022-01-17,4.0,11.5,0.0
2022-01-18,4.1,11.4,0.0
2022-01-19,1.4,14.1,0.0
2022-01-20,1.1,14.4,0.0
2022-01-21,-0.0,15.5,0.0
2022-01-22,4.1,11.4,0.0
2022-01-23,3.8,11.7,0.0
2022-01-24,3.6,11.9,0.0
2022-01-25,1.5,14.0,0.0
2022-01-26,0.7,14.8,0.0
2022-01-27,2.0,13.5,0.0
2022-01-28,2.7,12.8,0.0
2022-01-29,5.1,10.4,0.0
2022-01-30,3.4,12.1,0.0
2022-01-31,1.9,13.6,0.0
2022-02-01,2.2,13.3,0.0
2022-02-02,3.7,11.8,0.0
2022-02-03,4.8,10.7,0.0
2022-02-04,5.0,10.5,0.0
2022-02-05,2.9,12.6,0.0
2022-02-06,4.0,11.5,0.0
2022-02-07,2.5,13.0,0.0
2022-02-08,5.2,10.3,0.0
2022-02-09,7.4,8.1,0.0
2022-02-10,4.9,10.6,0.0
2022-02-11,2.0,13.5,0.0
2022-02-12,-0.2,15.7,0.0
2022-02-13,2.6,12.9,0.0
2022-02-14,6.9,8.6,0.0
2022-02-15,4.9,10.6,0.0
2022-02-16,6.9,8.6,0.0
2022-02-17,7.1,8.4,0.0
2022-02-18,6.5,9.0,0.0
2022-02-19,3.9,11.6,0.0
2022-02-20,5.2,10.3,0.0
2022-02-21,4.3,11.2,0.0
2022-02-22,4.6,10.9,0.0
2022-02-23,5.1,10.4,0.0
2022-02-24,5.8,9.7,0.0
2022-02-25,1.9,13.6,0.0
2022-02-26,2.1,13.4,0.0
2022-02-27,1.0,14.5,0.0
2022-02-28,0.9,14.6,0.0
2022-03-01,0.6,14.9,0.0
2022-03-02,1.3,14.2,0.0
2022-03-03,0.6,14.9,0.0
2022-03-04,-1.2,16.7,0.0
2022-03-05,-0.0,15.5,0.0
2022-03-06,-1.4,16.9,0.0
2022-03-07,0.2,15.3,0.0
2022-03-08,0.9,14.6,0.0
2022-03-09,2.4,13.1,0.0
2022-03-10,3.9,11.6,0.0
2022-03-11,2.9,12.6,0.0
2022-03-12,3.5,12.0,0.0
2022-03-13,3.7,11.8,0.0
2022-03-14,3.7,11.8,0.0
2022-03-15,4.6,10.9,0.0
2022-03-16,5.4,10.1,0.0
2022-03-17,6.1,9.4,0.0
2022-03-18,3.8,11.7,0.0
2022-03-19,4.4,11.1,0.0
2022-03-20,5.8,9.7,0.0
2022-03-21,6.4,9.1,0.0
2022-03-22,6.1,9.4,0.0
2022-03-23,6.7,8.8,0.0
2022-03-24,5.9,9.6,0.0
2022-03-25,7.0,8.5,0.0
2022-03-26,7.6,7.9,0.0
2022-03-27,8.2,7.300000000000001,0.0
2022-03-28,8.6,6.9,0.0
2022-03-29,6.3,9.2,0.0
2022-03-30,4.9,10.6,0.0
2022-03-31,2.1,13.4,0.0
2022-04-01,0.1,15.4,0.0
2022-04-02,0.4,15.1,0.0
2022-04-03,0.2,15.3,0.0
2022-04-04,1.4,14.1,0.0
2022-04-05,6.4,9.1,0.0
2022-04-06,8.9,6.6,0.0
2022-04-07,8.4,7.1,0.0
2022-04-08,5.4,10.1,0.0
2022-04-09,3.5,12.0,0.0
2022-04-10,3.3,12.2,0.0
2022-04-11,4.9,10.6,0.0
2022-04-12,9.8,5.699999999999999,0.0
2022-04-13,13.4,2.0999999999999996,0.0
2022-04-14,12.0,3.5,0.0
2022-04-15,8.1,7.4,0.0
2022-04-16,6.3,9.2,0.0
2022-04-17,6.0,9.5,0.0
2022-04-18,7.5,8.0,0.0
2022-04-19,8.0,7.5,0.0
2022-04-20,7.0,8.5,0.0
2022-04-21,7.1,8.4,0.0
2022-04-22,9.6,5.9,0.0
2022-04-23,10.2,5.300000000000001,0.0
2022-04-24,10.1,5.4,0.0
2022-04-25,8.0,7.5,0.0
2022-04-26,9.0,6.5,0.0
2022-04-27,9.4,6.1,0.0
2022-04-28,9.6,5.9,0.0
2022-04-29,10.4,5.1,0.0
2022-04-30,8.4,7.1,0.0
2022-05-01,9.9,5.6,0.0
2022-05-02,12.2,3.3000000000000007,0.0
2022-05-03,11.7,3.8000000000000007,0.0
2022-05-04,11.2,4.300000000000001,0.0
2022-05-05,11.3,4.199999999999999,0.0
2022-05-06,12.5,3.0,0.0
2022-05-07,13.7,1.8000000000000007,0.0
2022-05-08,12.1,3.4000000000000004,0.0
2022-05-09,14.0,1.5,0.0
2022-05-10,17.4,0.0,1.8999999999999986
2022-05-11,19.9,0.0,4.399999999999999
2022-05-12,15.6,0.0,0.09999999999999964
2022-05-13,12.8,2.6999999999999993,0.0
2022-05-14,14.2,1.3000000000000007,0.0
2022-05-15,15.1,0.40000000000000036,0.0
2022-05-16,16.9,0.0,1.3999999999999986
2022-05-17,17.4,0.0,1.8999999999999986
2022-05-18,19.9,0.0,4.399999999999999
2022-05-19,20.5,0.0,5.0
2022-05-20,18.7,0.0,3.1999999999999993
2022-05-21,13.4,2.0999999999999996,0.0
2022-05-22,14.4,1.0999999999999996,0.0
2022-05-23,16.2,0.0,0.6999999999999993
2022-05-24,14.8,0.6999999999999993,0.0
2022-05-25,13.9,1.5999999999999996,0.0
2022-05-26,15.9,0.0,0.40000000000000036
2022-05-27,14.4,1.0999999999999996,0.0
2022-05-28,11.1,4.4,0.0
2022-05-29,9.3,6.199999999999999,0.0
2022-05-30,9.1,6.4,0.0
2022-05-31,11.3,4.199999999999999,0.0
2022-06-01,12.0,3.5,0.0
2022-06-02,12.1,3.4000000000000004,0.0
2022-06-03,15.9,0.0,0.40000000000000036
2022-06-04,17.4,0.0,1.8999999999999986
2022-06-05,17.7,0.0,2.1999999999999993
2022-06-06,17.6,0.0,2.1000000000000014
2022-06-07,16.1,0.0,0.6000000000000014
2022-06-08,16.7,0.0,1.1999999999999993
2022-06-09,15.8,0.0,0.3000000000000007
2022-06-10,16.7,0.0,1.1999999999999993
2022-06-11,18.8,0.0,3.3000000000000007
2022-06-12,19.0,0.0,3.5
2022-06-13,14.9,0.5999999999999996,0.0
2022-06-14,14.8,0.6999999999999993,0.0
2022-06-15,18.6,0.0,3.1000000000000014
2022-06-16,18.2,0.0,2.6999999999999993
2022-06-17,19.0,0.0,3.5
2022-06-18,25.8,0.0,10.3
2022-06-19,24.4,0.0,8.899999999999999
2022-06-20,14.4,1.0999999999999996,0.0
2022-06-21,14.9,0.5999999999999996,0.0
2022-06-22,18.4,0.0,2.8999999999999986
2022-06-23,21.5,0.0,6.0
2022-06-24,21.6,0.0,6.100000000000001
2022-06-25,21.0,0.0,5.5
2022-06-26,21.9,0.0,6.399999999999999
2022-06-27,20.8,0.0,5.300000000000001
2022-06-28,18.2,0.0,2.6999999999999993
2022-06-29,19.4,0.0,3.8999999999999986
2022-06-30,22.4,0.0,6.899999999999999
2022-07-01,16.4,0.0,0.8999999999999986
2022-07-02,18.4,0.0,2.8999999999999986
2022-07-03,21.6,0.0,6.100000000000001
2022-07-04,18.8,0.0,3.3000000000000007
2022-07-05,18.2,0.0,2.6999999999999993
2022-07-06,15.9,0.0,0.40000000000000036
2022-07-07,15.3,0.1999999999999993,0.0
2022-07-08,16.0,0.0,0.5
2022-07-09,17.1,0.0,1.6000000000000014
2022-07-10,14.4,1.0999999999999996,0.0
2022-07-11,15.6,0.0,0.09999999999999964
2022-07-12,19.0,0.0,3.5
2022-07-13,22.0,0.0,6.5
2022-07-14,18.7,0.0,3.1999999999999993
2022-07-15,15.6,0.0,0.09999999999999964
2022-07-16,16.4,0.0,0.8999999999999986
2022-07-17,17.2,0.0,1.6999999999999993
2022-07-18,21.8,0.0,6.300000000000001
2022-07-19,25.7,0.0,10.2
2022-07-20,29.0,0.0,13.5
2022-07-21,21.5,0.0,6.0
2022-07-22,19.1,0.0,3.6000000000000014
2022-07-23,19.0,0.0,3.5
2022-07-24,21.3,0.0,5.800000000000001
2022-07-25,24.6,0.0,9.100000000000001
2022-07-26,18.5,0.0,3.0
2022-07-27,16.2,0.0,0.6999999999999993
2022-07-28,17.1,0.0,1.6000000000000014
2022-07-29,20.4,0.0,4.899999999999999
2022-07-30,17.7,0.0,2.1999999999999993
2022-07-31,20.1,0.0,4.600000000000001
2022-08-01,19.3,0.0,3.8000000000000007
2022-08-02,19.6,0.0,4.100000000000001
2022-08-03,23.8,0.0,8.3
2022-08-04,25.8,0.0,10.3
2022-08-05,19.8,0.0,4.300000000000001
2022-08-06,15.4,0.09999999999999964,0.0
2022-08-07,16.5,0.0,1.0
2022-08-08,18.4,0.0,2.8999999999999986
2022-08-09,19.4,0.0,3.8999999999999986
2022-08-10,19.9,0.0,4.399999999999999
2022-08-11,21.4,0.0,5.899999999999999
2022-08-12,21.5,0.0,6.0
2022-08-13,21.1,0.0,5.600000000000001
2022-08-14,23.1,0.0,7.600000000000001
2022-08-15,21.8,0.0,6.300000000000001
2022-08-16,21.8,0.0,6.300000000000001
2022-08-17,21.8,0.0,6.300000000000001
2022-08-18,20.3,0.0,4.800000000000001
2022-08-19,20.9,0.0,5.399999999999999
2022-08-20,19.4,0.0,3.8999999999999986
2022-08-21,18.8,0.0,3.3000000000000007
2022-08-22,19.7,0.0,4.199999999999999
2022-08-23,20.9,0.0,5.399999999999999
2022-08-24,21.9,0.0,6.399999999999999
2022-08-25,22.5,0.0,7.0
2022-08-26,22.5,0.0,7.0
2022-08-27,18.9,0.0,3.3999999999999986
2022-08-28,17.4,0.0,1.8999999999999986
2022-08-29,15.7,0.0,0.1999999999999993
2022-08-30,17.5,0.0,2.0
2022-08-31,17.5,0.0,2.0
2022-09-01,16.2,0.0,0.6999999999999993
2022-09-02,16.9,0.0,1.3999999999999986
2022-09-03,17.6,0.0,2.1000000000000014
2022-09-04,18.7,0.0,3.1999999999999993
2022-09-05,20.8,0.0,5.300000000000001
2022-09-06,20.8,0.0,5.300000000000001
2022-09-07,21.1,0.0,5.600000000000001
2022-09-08,16.9,0.0,1.3999999999999986
2022-09-09,16.5,0.0,1.0
2022-09-10,14.9,0.5999999999999996,0.0
2022-09-11,14.6,0.9000000000000004,0.0
2022-09-12,15.2,0.3000000000000007,0.0
2022-09-13,17.9,0.0,2.3999999999999986
2022-09-14,14.5,1.0,0.0
2022-09-15,13.0,2.5,0.0
2022-09-16,11.7,3.8000000000000007,0.0
2022-09-17,10.2,5.300000000000001,0.0
2022-09-18,8.7,6.800000000000001,0.0
2022-09-19,9.8,5.699999999999999,0.0
2022-09-20,9.4,6.1,0.0
2022-09-21,9.1,6.4,0.0
2022-09-22,9.8,5.699999999999999,0.0
2022-09-23,11.2,4.300000000000001,0.0
2022-09-24,11.7,3.8000000000000007,0.0
2022-09-25,11.3,4.199999999999999,0.0
2022-09-26,9.9,5.6,0.0
2022-09-27,9.2,6.300000000000001,0.0
2022-09-28,7.4,8.1,0.0
2022-09-29,7.8,7.7,0.0
2022-09-30,8.0,7.5,0.0
2022-10-01,10.3,5.199999999999999,0.0
2022-10-02,11.6,3.9000000000000004,0.0
2022-10-03,11.1,4.4,0.0
2022-10-04,11.1,4.4,0.0
2022-10-05,12.9,2.5999999999999996,0.0
2022-10-06,13.3,2.1999999999999993,0.0
2022-10-07,9.8,5.699999999999999,0.0
2022-10-08,9.9,5.6,0.0
2022-10-09,8.4,7.1,0.0
2022-10-10,10.9,4.6,0.0
2022-10-11,9.1,6.4,0.0
2022-10-12,8.1,7.4,0.0
2022-10-13,10.1,5.4,0.0
2022-10-14,12.2,3.3000000000000007,0.0
2022-10-15,14.3,1.1999999999999993,0.0
2022-10-16,15.1,0.40000000000000036,0.0
2022-10-17,16.9,0.0,1.3999999999999986
2022-10-18,14.0,1.5,0.0
2022-10-19,8.0,7.5,0.0
2022-10-20,9.2,6.300000000000001,0.0
2022-10-21,12.6,2.9000000000000004,0.0
2022-10-22,13.2,2.3000000000000007,0.0
2022-10-23,13.3,2.1999999999999993,0.0
2022-10-24,15.2,0.3000000000000007,0.0
2022-10-25,12.6,2.9000000000000004,0.0
2022-10-26,12.2,3.3000000000000007,0.0
2022-10-27,13.2,2.3000000000000007,0.0
2022-10-28,16.8,0.0,1.3000000000000007
2022-10-29,15.3,0.1999999999999993,0.0
2022-10-30,15.5,0.0,0.0
2022-10-31,13.6,1.9000000000000004,0.0
2022-11-01,13.1,2.4000000000000004,0.0
2022-11-02,10.1,5.4,0.0
2022-11-03,8.9,6.6,0.0
2022-11-04,9.0,6.5,0.0
2022-11-05,6.5,9.0,0.0
2022-11-06,7.3,8.2,0.0
2022-11-07,10.0,5.5,0.0
2022-11-08,11.2,4.300000000000001,0.0
2022-11-09,12.1,3.4000000000000004,0.0
2022-11-10,9.6,5.9,0.0
2022-11-11,8.1,7.4,0.0
2022-11-12,6.5,9.0,0.0
2022-11-13,5.4,10.1,0.0
2022-11-14,5.6,9.9,0.0
2022-11-15,10.1,5.4,0.0
2022-11-16,8.5,7.0,0.0
2022-11-17,6.4,9.1,0.0
2022-11-18,3.7,11.8,0.0
2022-11-19,-2.6,18.1,0.0
2022-11-20,-3.8,19.3,0.0
2022-11-21,-0.5,16.0,0.0
2022-11-22,3.8,11.7,0.0
2022-11-23,5.4,10.1,0.0
2022-11-24,5.3,10.2,0.0
2022-11-25,4.7,10.8,0.0
2022-11-26,5.6,9.9,0.0
2022-11-27,4.1,11.4,0.0
2022-11-28,4.4,11.1,0.0
2022-11-29,5.5,10.0,0.0
2022-11-30,5.6,9.9,0.0
2022-12-01,1.8,13.7,0.0
2022-12-02,0.5,15.0,0.0
2022-12-03,-1.5,17.0,0.0
2022-12-04,0.7,14.8,0.0
2022-12-05,1.5,14.0,0.0
2022-12-06,1.5,14.0,0.0
2022-12-07,2.2,13.3,0.0
2022-12-08,1.5,14.0,0.0
2022-12-09,0.3,15.2,0.0
2022-12-10,-1.0,16.5,0.0
2022-12-11,-2.5,18.0,0.0
2022-12-12,-4.4,19.9,0.0
2022-12-13,-6.5,22.0,0.0
2022-12-14,-4.5,20.0,0.0
2022-12-15,-6.0,21.5,0.0
2022-12-16,-6.0,21.5,0.0
2022-12-17,-6.8,22.3,0.0
2022-12-18,-5.2,20.7,0.0
2022-12-19,1.1,14.4,0.0
2022-12-20,5.9,9.6,0.0
2022-12-21,6.7,8.8,0.0
2022-12-22,6.6,8.9,0.0
2022-12-23,7.1,8.4,0.0
2022-12-24,7.3,8.2,0.0
2022-12-25,6.9,8.6,0.0
2022-12-26,8.6,6.9,0.0
2022-12-27,3.1,12.4,0.0
2022-12-28,5.4,10.1,0.0
2022-12-29,8.7,6.800000000000001,0.0
2022-12-30,6.2,9.3,0.0
2022-12-31,13.4,2.0999999999999996,0.0
2023-01-01,12.4,3.0999999999999996,0.0
2023-01-02,10.8,4.699999999999999,0.0
2023-01-03,5.4,10.1,0.0
2023-01-04,7.3,8.2,0.0
2023-01-05,8.1,7.4,0.0
2023-01-06,8.4,7.1,0.0
2023-01-07,7.7,7.8,0.0
2023-01-08,7.7,7.8,0.0
2023-01-09,5.8,9.7,0.0
2023-01-10,4.7,10.8,0.0
2023-01-11,6.4,9.1,0.0
2023-01-12,7.1,8.4,0.0
2023-01-13,7.3,8.2,0.0
2023-01-14,6.0,9.5,0.0
2023-01-15,5.4,10.1,0.0
2023-01-16,3.1,12.4,0.0
2023-01-17,1.1,14.4,0.0
2023-01-18,-2.3,17.8,0.0
2023-01-19,-1.2,16.7,0.0
2023-01-20,-2.0,17.5,0.0
2023-01-21,-2.2,17.7,0.0
2023-01-22,-0.0,15.5,0.0
2023-01-23,0.7,14.8,0.0
2023-01-24,0.6,14.9,0.0
2023-01-25,-0.7,16.2,0.0
2023-01-26,-1.8,17.3,0.0
2023-01-27,0.7,14.8,0.0
2023-01-28,-2.4,17.9,0.0
2023-01-29,-1.3,16.8,0.0
2023-01-30,2.5,13.0,0.0
2023-01-31,2.9,12.6,0.0
2023-02-01,3.5,12.0,0.0
2023-02-02,2.3,13.2,0.0
2023-02-03,6.0,9.5,0.0
2023-02-04,2.2,13.3,0.0
2023-02-05,-0.5,16.0,0.0
2023-02-06,0.4,15.1,0.0
2023-02-07,-2.2,17.7,0.0
2023-02-08,-2.3,17.8,0.0
2023-02-09,-2.1,17.6,0.0
2023-02-10,1.3,14.2,0.0
2023-02-11,4.1,11.4,0.0
2023-02-12,6.1,9.4,0.0
2023-02-13,5.0,10.5,0.0
2023-02-14,2.2,13.3,0.0
2023-02-15,1.4,14.1,0.0
2023-02-16,3.4,12.1,0.0
2023-02-17,8.7,6.800000000000001,0.0
2023-02-18,8.5,7.0,0.0
2023-02-19,6.2,9.3,0.0
2023-02-20,6.5,9.0,0.0
2023-02-21,8.4,7.1,0.0
2023-02-22,8.5,7.0,0.0
2023-02-23,6.8,8.7,0.0
2023-02-24,3.3,12.2,0.0
2023-02-25,1.5,14.0,0.0
2023-02-26,-1.6,17.1,0.0
2023-02-27,-1.5,17.0,0.0
2023-02-28,-1.2,16.7,0.0
2023-03-01,-0.8,16.3,0.0
2023-03-02,1.0,14.5,0.0
2023-03-03,-0.4,15.9,0.0
2023-03-04,2.1,13.4,0.0
2023-03-05,1.8,13.7,0.0
2023-03-06,0.3,15.2,0.0
2023-03-07,1.2,14.3,0.0
2023-03-08,0.2,15.3,0.0
2023-03-09,2.3,13.2,0.0
2023-03-10,8.0,7.5,0.0
2023-03-11,0.3,15.2,0.0
2023-03-12,0.8,14.7,0.0
2023-03-13,9.8,5.699999999999999,0.0
2023-03-14,7.2,8.3,0.0
2023-03-15,1.6,13.9,0.0
2023-03-16,2.0,13.5,0.0
2023-03-17,7.6,7.9,0.0
2023-03-18,10.6,4.9,0.0
2023-03-19,9.2,6.300000000000001,0.0
2023-03-20,7.9,7.6,0.0
2023-03-21,8.4,7.1,0.0
2023-03-22,9.9,5.6,0.0
2023-03-23,11.3,4.199999999999999,0.0
2023-03-24,11.2,4.300000000000001,0.0
2023-03-25,8.1,7.4,0.0
2023-03-26,6.2,9.3,0.0
2023-03-27,2.2,13.3,0.0
2023-03-28,2.6,12.9,0.0
2023-03-29,6.5,9.0,0.0
2023-03-30,11.3,4.199999999999999,0.0
2023-03-31,9.2,6.300000000000001,0.0
2023-04-01,8.6,6.9,0.0
2023-04-02,4.2,11.3,0.0
2023-04-03,1.1,14.4,0.0
2023-04-04,0.6,14.9,0.0
2023-04-05,1.8,13.7,0.0
2023-04-06,4.1,11.4,0.0
2023-04-07,5.7,9.8,0.0
2023-04-08,5.2,10.3,0.0
2023-04-09,6.1,9.4,0.0
2023-04-10,9.4,6.1,0.0
2023-04-11,8.2,7.300000000000001,0.0
2023-04-12,6.5,9.0,0.0
2023-04-13,6.1,9.4,0.0
2023-04-14,6.5,9.0,0.0
2023-04-15,6.0,9.5,0.0
2023-04-16,7.6,7.9,0.0
2023-04-17,8.3,7.199999999999999,0.0
2023-04-18,8.0,7.5,0.0
2023-04-19,7.9,7.6,0.0
2023-04-20,6.3,9.2,0.0
2023-04-21,12.2,3.3000000000000007,0.0
2023-04-22,14.6,0.9000000000000004,0.0
2023-04-23,13.3,2.1999999999999993,0.0
2023-04-24,9.4,6.1,0.0
2023-04-25,6.1,9.4,0.0
2023-04-26,4.0,11.5,0.0
2023-04-27,5.3,10.2,0.0
2023-04-28,9.5,6.0,0.0
2023-04-29,10.7,4.800000000000001,0.0
2023-04-30,8.1,7.4,0.0
2023-05-01,10.5,5.0,0.0
2023-05-02,8.5,7.0,0.0
2023-05-03,6.9,8.6,0.0
2023-05-04,10.4,5.1,0.0
2023-05-05,13.4,2.0999999999999996,0.0
2023-05-06,13.1,2.4000000000000004,0.0
2023-05-07,10.9,4.6,0.0
2023-05-08,12.1,3.4000000000000004,0.0
2023-05-09,14.4,1.0999999999999996,0.0
2023-05-10,13.0,2.5,0.0
2023-05-11,12.0,3.5,0.0
2023-05-12,13.8,1.6999999999999993,0.0
2023-05-13,12.9,2.5999999999999996,0.0
2023-05-14,12.5,3.0,0.0
2023-05-15,12.6,2.9000000000000004,0.0
2023-05-16,9.9,5.6,0.0
2023-05-17,8.2,7.300000000000001,0.0
2023-05-18,8.4,7.1,0.0
2023-05-19,11.5,4.0,0.0
2023-05-20,12.9,2.5999999999999996,0.0
2023-05-21,17.8,0.0,2.3000000000000007
2023-05-22,19.3,0.0,3.8000000000000007
2023-05-23,13.1,2.4000000000000004,0.0
2023-05-24,8.8,6.699999999999999,0.0
2023-05-25,10.7,4.800000000000001,0.0
2023-05-26,11.6,3.9000000000000004,0.0
2023-05-27,12.4,3.0999999999999996,0.0
2023-05-28,14.6,0.9000000000000004,0.0
2023-05-29,14.2,1.3000000000000007,0.0
2023-05-30,13.1,2.4000000000000004,0.0
2023-05-31,15.8,0.0,0.3000000000000007
2023-06-01,13.7,1.8000000000000007,0.0
2023-06-02,12.4,3.0999999999999996,0.0
2023-06-03,13.6,1.9000000000000004,0.0
2023-06-04,14.5,1.0,0.0
2023-06-05,16.1,0.0,0.6000000000000014
2023-06-06,16.3,0.0,0.8000000000000007
2023-06-07,17.6,0.0,2.1000000000000014
2023-06-08,17.9,0.0,2.3999999999999986
2023-06-09,19.4,0.0,3.8999999999999986
2023-06-10,20.1,0.0,4.600000000000001
2023-06-11,20.3,0.0,4.800000000000001
2023-06-12,19.4,0.0,3.8999999999999986
2023-06-13,18.6,0.0,3.1000000000000014
2023-06-14,16.5,0.0,1.0
2023-06-15,17.7,0.0,2.1999999999999993
2023-06-16,16.8,0.0,1.3000000000000007
2023-06-17,18.5,0.0,3.0
2023-06-18,20.5,0.0,5.0
2023-06-19,22.9,0.0,7.399999999999999
2023-06-20,21.9,0.0,6.399999999999999
2023-06-21,22.0,0.0,6.5
2023-06-22,20.8,0.0,5.300000000000001
2023-06-23,17.2,0.0,1.6999999999999993
2023-06-24,18.5,0.0,3.0
2023-06-25,21.0,0.0,5.5
2023-06-26,21.1,0.0,5.600000000000001
2023-06-27,16.5,0.0,1.0
2023-06-28,16.3,0.0,0.8000000000000007
2023-06-29,19.4,0.0,3.8999999999999986
2023-06-30,16.9,0.0,1.3999999999999986
2023-07-01,16.1,0.0,0.6000000000000014
2023-07-02,16.7,0.0,1.1999999999999993
2023-07-03,16.1,0.0,0.6000000000000014
2023-07-04,17.1,0.0,1.6000000000000014
2023-07-05,16.7,0.0,1.1999999999999993
2023-07-06,16.8,0.0,1.3000000000000007
2023-07-07,19.1,0.0,3.6000000000000014
2023-07-08,22.6,0.0,7.100000000000001
2023-07-09,24.9,0.0,9.399999999999999
2023-07-10,21.4,0.0,5.899999999999999
2023-07-11,23.1,0.0,7.600000000000001
2023-07-12,21.9,0.0,6.399999999999999
2023-07-13,17.9,0.0,2.3999999999999986
2023-07-14,19.3,0.0,3.8000000000000007
2023-07-15,23.2,0.0,7.699999999999999
2023-07-16,20.4,0.0,4.899999999999999
2023-07-17,18.6,0.0,3.1000000000000014
2023-07-18,17.5,0.0,2.0
2023-07-19,17.6,0.0,2.1000000000000014
2023-07-20,16.4,0.0,0.8999999999999986
2023-07-21,15.2,0.3000000000000007,0.0
2023-07-22,16.4,0.0,0.8999999999999986
2023-07-23,18.2,0.0,2.6999999999999993
2023-07-24,18.8,0.0,3.3000000000000007
2023-07-25,15.0,0.5,0.0
2023-07-26,14.0,1.5,0.0
2023-07-27,14.6,0.9000000000000004,0.0
2023-07-28,19.0,0.0,3.5
2023-07-29,18.6,0.0,3.1000000000000014
2023-07-30,17.1,0.0,1.6000000000000014
2023-07-31,17.1,0.0,1.6000000000000014
2023-08-01,17.0,0.0,1.5
2023-08-02,16.5,0.0,1.0
2023-08-03,17.1,0.0,1.6000000000000014
2023-08-04,16.5,0.0,1.0
2023-08-05,16.2,0.0,0.6999999999999993
2023-08-06,15.5,0.0,0.0
2023-08-07,13.8,1.6999999999999993,0.0
2023-08-08,14.1,1.4000000000000004,0.0
2023-08-09,14.9,0.5999999999999996,0.0
2023-08-10,15.5,0.0,0.0
2023-08-11,18.5,0.0,3.0
2023-08-12,20.1,0.0,4.600000000000001
2023-08-13,18.6,0.0,3.1000000000000014
2023-08-14,20.3,0.0,4.800000000000001
2023-08-15,21.2,0.0,5.699999999999999
2023-08-16,19.5,0.0,4.0
2023-08-17,20.1,0.0,4.600000000000001
2023-08-18,21.8,0.0,6.300000000000001
2023-08-19,23.4,0.0,7.899999999999999
2023-08-20,22.4,0.0,6.899999999999999
2023-08-21,21.6,0.0,6.100000000000001
2023-08-22,20.5,0.0,5.0
2023-08-23,18.9,0.0,3.3999999999999986
2023-08-24,20.7,0.0,5.199999999999999
2023-08-25,20.7,0.0,5.199999999999999
2023-08-26,18.2,0.0,2.6999999999999993
2023-08-27,16.1,0.0,0.6000000000000014
2023-08-28,14.3,1.1999999999999993,0.0
2023-08-29,14.9,0.5999999999999996,0.0
2023-08-30,14.2,1.3000000000000007,0.0
2023-08-31,13.4,2.0999999999999996,0.0
2023-09-01,13.7,1.8000000000000007,0.0
2023-09-02,15.6,0.0,0.09999999999999964
2023-09-03,15.8,0.0,0.3000000000000007
2023-09-04,16.4,0.0,0.8999999999999986
2023-09-05,19.4,0.0,3.8999999999999986
2023-09-06,19.8,0.0,4.300000000000001
2023-09-07,19.8,0.0,4.300000000000001
2023-09-08,20.0,0.0,4.5
2023-09-09,20.1,0.0,4.600000000000001
2023-09-10,20.3,0.0,4.800000000000001
2023-09-11,20.7,0.0,5.199999999999999
2023-09-12,20.3,0.0,4.800000000000001
2023-09-13,16.8,0.0,1.3000000000000007
2023-09-14,12.6,2.9000000000000004,0.0
2023-09-15,14.7,0.8000000000000007,0.0
2023-09-16,17.6,0.0,2.1000000000000014
2023-09-17,19.5,0.0,4.0
2023-09-18,19.8,0.0,4.300000000000001
2023-09-19,16.1,0.0,0.6000000000000014
2023-09-20,17.8,0.0,2.3000000000000007
2023-09-21,18.0,0.0,2.5
2023-09-22,15.1,0.40000000000000036,0.0
2023-09-23,13.1,2.4000000000000004,0.0
2023-09-24,12.9,2.5999999999999996,0.0
2023-09-25,13.5,2.0,0.0
2023-09-26,14.0,1.5,0.0
2023-09-27,16.4,0.0,0.8999999999999986
2023-09-28,18.5,0.0,3.0
2023-09-29,18.1,0.0,2.6000000000000014
2023-09-30,14.1,1.4000000000000004,0.0
2023-10-01,14.7,0.8000000000000007,0.0
2023-10-02,17.3,0.0,1.8000000000000007
2023-10-03,16.3,0.0,0.8000000000000007
2023-10-04,12.6,2.9000000000000004,0.0
2023-10-05,12.9,2.5999999999999996,0.0
2023-10-06,13.3,2.1999999999999993,0.0
2023-10-07,15.9,0.0,0.40000000000000036
2023-10-08,12.5,3.0,0.0
2023-10-09,14.2,1.3000000000000007,0.0
2023-10-10,16.9,0.0,1.3999999999999986
2023-10-11,18.0,0.0,2.5
2023-10-12,15.8,0.0,0.3000000000000007
2023-10-13,18.2,0.0,2.6999999999999993
2023-10-14,13.5,2.0,0.0
2023-10-15,6.6,8.9,0.0
2023-10-16,6.2,9.3,0.0
2023-10-17,5.8,9.7,0.0
2023-10-18,6.4,9.1,0.0
2023-10-19,11.2,4.300000000000001,0.0
2023-10-20,10.2,5.300000000000001,0.0
2023-10-21,12.7,2.8000000000000007,0.0
2023-10-22,11.5,4.0,0.0
2023-10-23,11.1,4.4,0.0
2023-10-24,11.5,4.0,0.0
2023-10-25,9.4,6.1,0.0
2023-10-26,9.4,6.1,0.0
2023-10-27,9.0,6.5,0.0
2023-10-28,9.4,6.1,0.0
2023-10-29,11.9,3.5999999999999996,0.0
2023-10-30,12.0,3.5,0.0
2023-10-31,10.3,5.199999999999999,0.0
2023-11-01,11.0,4.5,0.0
2023-11-02,10.6,4.9,0.0
2023-11-03,8.3,7.199999999999999,0.0
2023-11-04,7.3,8.2,0.0
2023-11-05,9.2,6.300000000000001,0.0
2023-11-06,9.1,6.4,0.0
2023-11-07,7.9,7.6,0.0
2023-11-08,7.9,7.6,0.0
2023-11-09,8.2,7.300000000000001,0.0
2023-11-10,7.0,8.5,0.0
2023-11-11,5.4,10.1,0.0
2023-11-12,4.4,11.1,0.0
2023-11-13,5.6,9.9,0.0
2023-11-14,9.8,5.699999999999999,0.0
2023-11-15,8.1,7.4,0.0
2023-11-16,6.6,8.9,0.0
2023-11-17,3.2,12.3,0.0
2023-11-18,3.0,12.5,0.0
2023-11-19,8.9,6.6,0.0
2023-11-20,8.8,6.699999999999999,0.0
2023-11-21,5.4,10.1,0.0
2023-11-22,-0.3,15.8,0.0
2023-11-23,5.9,9.6,0.0
2023-11-24,3.9,11.6,0.0
2023-11-25,0.6,14.9,0.0
2023-11-26,0.6,14.9,0.0
2023-11-27,1.8,13.7,0.0
2023-11-28,-1.1,16.6,0.0
2023-11-29,-1.7,17.2,0.0
2023-11-30,-0.8,16.3,0.0
2023-12-01,-3.5,19.0,0.0
2023-12-02,-3.2,18.7,0.0
2023-12-03,-2.0,17.5,0.0
2023-12-04,-2.2,17.7,0.0
2023-12-05,1.3,14.2,0.0
2023-12-06,0.9,14.6,0.0
2023-12-07,0.6,14.9,0.0
2023-12-08,0.5,15.0,0.0
2023-12-09,3.8,11.7,0.0
2023-12-10,6.4,9.1,0.0
2023-12-11,7.4,8.1,0.0
2023-12-12,6.1,9.4,0.0
2023-12-13,6.0,9.5,0.0
2023-12-14,3.0,12.5,0.0
2023-12-15,3.4,12.1,0.0
2023-12-16,4.9,10.6,0.0
2023-12-17,5.6,9.9,0.0
2023-12-18,4.0,11.5,0.0
2023-12-19,3.5,12.0,0.0
2023-12-20,4.8,10.7,0.0
2023-12-21,6.6,8.9,0.0
2023-12-22,3.7,11.8,0.0
2023-12-23,5.0,10.5,0.0
2023-12-24,8.1,7.4,0.0
2023-12-25,9.6,5.9,0.0
2023-12-26,8.0,7.5,0.0
2023-12-27,4.6,10.9,0.0
2023-12-28,7.6,7.9,0.0
2023-12-29,7.9,7.6,0.0
2023-12-30,6.2,9.3,0.0
2023-12-31,6.2,9.3,0.0
2024-01-01,5.2,10.3,0.0
2024-01-02,6.4,9.1,0.0
2024-01-03,8.1,7.4,0.0
2024-01-04,5.5,10.0,0.0
2024-01-05,5.5,10.0,0.0
2024-01-06,4.1,11.4,0.0
2024-01-07,-1.3,16.8,0.0
2024-01-08,-5.3,20.8,0.0
2024-01-09,-6.2,21.7,0.0
2024-01-10,-5.7,21.2,0.0
2024-01-11,-4.9,20.4,0.0
2024-01-12,-0.7,16.2,0.0
2024-01-13,0.8,14.7,0.0
2024-01-14,0.7,14.8,0.0
2024-01-15,0.0,15.5,0.0
2024-01-16,-1.4,16.9,0.0
2024-01-17,-3.6,19.1,0.0
2024-01-18,-2.5,18.0,0.0
2024-01-19,-4.5,20.0,0.0
2024-01-20,-4.1,19.6,0.0
2024-01-21,-2.0,17.5,0.0
2024-01-22,5.5,10.0,0.0
2024-01-23,4.4,11.1,0.0
2024-01-24,8.0,7.5,0.0
2024-01-25,4.5,11.0,0.0
2024-01-26,5.9,9.6,0.0
2024-01-27,1.9,13.6,0.0
2024-01-28,1.3,14.2,0.0
2024-01-29,3.9,11.6,0.0
2024-01-30,5.2,10.3,0.0
2024-01-31,4.9,10.6,0.0
2024-02-01,4.7,10.8,0.0
2024-02-02,5.1,10.4,0.0
2024-02-03,8.0,7.5,0.0
2024-02-04,8.3,7.199999999999999,0.0
2024-02-05,8.7,6.800000000000001,0.0
2024-02-06,7.6,7.9,0.0
2024-02-07,4.5,11.0,0.0
2024-02-08,1.9,13.6,0.0
2024-02-09,9.4,6.1,0.0
2024-02-10,9.5,6.0,0.0
2024-02-11,7.7,7.8,0.0
2024-02-12,5.8,9.7,0.0
2024-02-13,4.5,11.0,0.0
2024-02-14,7.6,7.9,0.0
2024-02-15,10.5,5.0,0.0
2024-02-16,11.0,4.5,0.0
2024-02-17,8.7,6.800000000000001,0.0
2024-02-18,7.1,8.4,0.0
2024-02-19,7.2,8.3,0.0
2024-02-20,6.7,8.8,0.0
2024-02-21,7.4,8.1,0.0
2024-02-22,8.6,6.9,0.0
2024-02-23,5.6,9.9,0.0
2024-02-24,3.4,12.1,0.0
2024-02-25,3.2,12.3,0.0
2024-02-26,4.4,11.1,0.0
2024-02-27,3.6,11.9,0.0
2024-02-28,1.4,14.1,0.0
2024-02-29,4.0,11.5,0.0
2024-03-01,6.0,9.5,0.0
2024-03-02,7.7,7.8,0.0
2024-03-03,7.5,8.0,0.0
2024-03-04,6.5,9.0,0.0
2024-03-05,6.6,8.9,0.0
2024-03-06,5.5,10.0,0.0
2024-03-07,3.1,12.4,0.0
2024-03-08,2.5,13.0,0.0
2024-03-09,4.2,11.3,0.0
2024-03-10,6.1,9.4,0.0
2024-03-11,6.7,8.8,0.0
2024-03-12,5.6,9.9,0.0
2024-03-13,6.1,9.4,0.0
2024-03-14,10.3,5.199999999999999,0.0
2024-03-15,10.7,4.800000000000001,0.0
2024-03-16,8.0,7.5,0.0
2024-03-17,5.3,10.2,0.0
2024-03-18,5.7,9.8,0.0
2024-03-19,7.9,7.6,0.0
2024-03-20,9.7,5.800000000000001,0.0
2024-03-21,8.5,7.0,0.0
2024-03-22,9.8,5.699999999999999,0.0
2024-03-23,5.5,10.0,0.0
2024-03-24,3.5,12.0,0.0
2024-03-25,4.7,10.8,0.0
2024-03-26,6.3,9.2,0.0
2024-03-27,9.9,5.6,0.0
2024-03-28,7.3,8.2,0.0
2024-03-29,8.1,7.4,0.0
2024-03-30,12.7,2.8000000000000007,0.0
2024-03-31,11.0,4.5,0.0
2024-04-01,8.9,6.6,0.0
2024-04-02,8.5,7.0,0.0
2024-04-03,9.1,6.4,0.0
2024-04-04,10.3,5.199999999999999,0.0
2024-04-05,13.3,2.1999999999999993,0.0
2024-04-06,17.2,0.0,1.6999999999999993
2024-04-07,18.1,0.0,2.6000000000000014
2024-04-08,17.2,0.0,1.6999999999999993
2024-04-09,14.2,1.3000000000000007,0.0
2024-04-10,9.4,6.1,0.0
2024-04-11,9.6,5.9,0.0
2024-04-12,13.0,2.5,0.0
2024-04-13,15.6,0.0,0.09999999999999964
2024-04-14,13.6,1.9000000000000004,0.0
2024-04-15,9.3,6.199999999999999,0.0
2024-04-16,5.1,10.4,0.0
2024-04-17,5.4,10.1,0.0
2024-04-18,5.7,9.8,0.0
2024-04-19,5.2,10.3,0.0
2024-04-20,5.0,10.5,0.0
2024-04-21,3.8,11.7,0.0
2024-04-22,2.7,12.8,0.0
2024-04-23,3.1,12.4,0.0
2024-04-24,3.8,11.7,0.0
2024-04-25,4.1,11.4,0.0
2024-04-26,7.4,8.1,0.0
2024-04-27,10.4,5.1,0.0
2024-04-28,13.4,2.0999999999999996,0.0
2024-04-29,13.3,2.1999999999999993,0.0
2024-04-30,16.2,0.0,0.6999999999999993
2024-05-01,17.7,0.0,2.1999999999999993
2024-05-02,16.9,0.0,1.3999999999999986
2024-05-03,13.3,2.1999999999999993,0.0
2024-05-04,11.8,3.6999999999999993,0.0
2024-05-05,12.9,2.5999999999999996,0.0
2024-05-06,12.3,3.1999999999999993,0.0
2024-05-07,12.2,3.3000000000000007,0.0
2024-05-08,11.3,4.199999999999999,0.0
2024-05-09,12.7,2.8000000000000007,0.0
2024-05-10,14.9,0.5999999999999996,0.0
2024-05-11,14.8,0.6999999999999993,0.0
2024-05-12,14.9,0.5999999999999996,0.0
2024-05-13,17.1,0.0,1.6000000000000014
2024-05-14,17.8,0.0,2.3000000000000007
2024-05-15,18.3,0.0,2.8000000000000007
2024-05-16,16.9,0.0,1.3999999999999986
2024-05-17,15.6,0.0,0.09999999999999964
2024-05-18,13.9,1.5999999999999996,0.0
2024-05-19,13.9,1.5999999999999996,0.0
2024-05-20,14.6,0.9000000000000004,0.0
2024-05-21,16.6,0.0,1.1000000000000014
2024-05-22,14.3,1.1999999999999993,0.0
2024-05-23,15.4,0.09999999999999964,0.0
2024-05-24,14.7,0.8000000000000007,0.0
2024-05-25,15.3,0.1999999999999993,0.0
2024-05-26,16.6,0.0,1.1000000000000014
2024-05-27,17.2,0.0,1.6999999999999993
2024-05-28,14.0,1.5,0.0
2024-05-29,14.8,0.6999999999999993,0.0
2024-05-30,13.3,2.1999999999999993,0.0
2024-05-31,14.4,1.0999999999999996,0.0
2024-06-01,16.5,0.0,1.0
2024-06-02,15.3,0.1999999999999993,0.0
2024-06-03,12.6,2.9000000000000004,0.0
2024-06-04,13.7,1.8000000000000007,0.0
2024-06-05,14.4,1.0999999999999996,0.0
2024-06-06,13.5,2.0,0.0
2024-06-07,13.8,1.6999999999999993,0.0
2024-06-08,15.4,0.09999999999999964,0.0
2024-06-09,13.9,1.5999999999999996,0.0
2024-06-10,11.6,3.9000000000000004,0.0
2024-06-11,11.1,4.4,0.0
2024-06-12,11.0,4.5,0.0
2024-06-13,11.7,3.8000000000000007,0.0
2024-06-14,14.4,1.0999999999999996,0.0
2024-06-15,15.6,0.0,0.09999999999999964
2024-06-16,15.5,0.0,0.0
2024-06-17,16.7,0.0,1.1999999999999993
2024-06-18,17.3,0.0,1.8000000000000007
2024-06-19,15.2,0.3000000000000007,0.0
2024-06-20,15.5,0.0,0.0
2024-06-21,19.3,0.0,3.8000000000000007
2024-06-22,17.2,0.0,1.6999999999999993
2024-06-23,17.1,0.0,1.6000000000000014
2024-06-24,18.6,0.0,3.1000000000000014
2024-06-25,19.7,0.0,4.199999999999999
2024-06-26,21.7,0.0,6.199999999999999
2024-06-27,22.6,0.0,7.100000000000001
2024-06-28,20.1,0.0,4.600000000000001
2024-06-29,19.7,0.0,4.199999999999999
2024-06-30,18.7,0.0,3.1999999999999993
2024-07-01,15.4,0.09999999999999964,0.0
2024-07-02,13.7,1.8000000000000007,0.0
2024-07-03,12.7,2.8000000000000007,0.0
2024-07-04,14.1,1.4000000000000004,0.0
2024-07-05,14.3,1.1999999999999993,0.0
2024-07-06,18.4,0.0,2.8999999999999986
2024-07-07,15.1,0.40000000000000036,0.0
2024-07-08,17.2,0.0,1.6999999999999993
2024-07-09,22.3,0.0,6.800000000000001
2024-07-10,21.1,0.0,5.600000000000001
2024-07-11,19.5,0.0,4.0
2024-07-12,18.7,0.0,3.1999999999999993
2024-07-13,16.0,0.0,0.5
2024-07-14,16.5,0.0,1.0
2024-07-15,19.6,0.0,4.100000000000001
2024-07-16,19.8,0.0,4.300000000000001
2024-07-17,17.7,0.0,2.1999999999999993
2024-07-18,18.9,0.0,3.3999999999999986
2024-07-19,20.5,0.0,5.0
2024-07-20,22.4,0.0,6.899999999999999
2024-07-21,22.3,0.0,6.800000000000001
2024-07-22,19.3,0.0,3.8000000000000007
2024-07-23,18.9,0.0,3.3999999999999986
2024-07-24,17.2,0.0,1.6999999999999993
2024-07-25,17.0,0.0,1.5
2024-07-26,18.6,0.0,3.1000000000000014
2024-07-27,19.6,0.0,4.100000000000001
2024-07-28,18.4,0.0,2.8999999999999986
2024-07-29,17.5,0.0,2.0
2024-07-30,20.6,0.0,5.100000000000001
2024-07-31,21.4,0.0,5.899999999999999
2024-08-01,21.2,0.0,5.699999999999999
2024-08-02,19.4,0.0,3.8999999999999986
2024-08-03,19.8,0.0,4.300000000000001
2024-08-04,17.8,0.0,2.3000000000000007
2024-08-05,16.8,0.0,1.3000000000000007
2024-08-06,19.9,0.0,4.399999999999999
2024-08-07,20.4,0.0,4.899999999999999
2024-08-08,17.6,0.0,2.1000000000000014
2024-08-09,18.7,0.0,3.1999999999999993
2024-08-10,19.1,0.0,3.6000000000000014
2024-08-11,19.8,0.0,4.300000000000001
2024-08-12,21.4,0.0,5.899999999999999
2024-08-13,24.7,0.0,9.2
2024-08-14,23.0,0.0,7.5
2024-08-15,21.1,0.0,5.600000000000001
2024-08-16,21.2,0.0,5.699999999999999
2024-08-17,19.9,0.0,4.399999999999999
2024-08-18,17.9,0.0,2.3999999999999986
2024-08-19,16.3,0.0,0.8000000000000007
2024-08-20,18.4,0.0,2.8999999999999986
2024-08-21,17.1,0.0,1.6000000000000014
2024-08-22,16.7,0.0,1.1999999999999993
2024-08-23,20.3,0.0,4.800000000000001
2024-08-24,23.2,0.0,7.699999999999999
2024-08-25,18.2,0.0,2.6999999999999993
2024-08-26,15.8,0.0,0.3000000000000007
2024-08-27,17.3,0.0,1.8000000000000007
2024-08-28,20.4,0.0,4.899999999999999
2024-08-29,23.0,0.0,7.5
2024-08-30,19.2,0.0,3.6999999999999993
2024-08-31,17.7,0.0,2.1999999999999993
2024-09-01,20.1,0.0,4.600000000000001
2024-09-02,20.9,0.0,5.399999999999999
2024-09-03,21.8,0.0,6.300000000000001
2024-09-04,20.6,0.0,5.100000000000001
2024-09-05,23.3,0.0,7.800000000000001
2024-09-06,23.0,0.0,7.5
2024-09-07,21.7,0.0,6.199999999999999
2024-09-08,19.4,0.0,3.8999999999999986
2024-09-09,16.4,0.0,0.8999999999999986
2024-09-10,14.7,0.8000000000000007,0.0
2024-09-11,12.7,2.8000000000000007,0.0
2024-09-12,9.0,6.5,0.0
2024-09-13,9.4,6.1,0.0
2024-09-14,10.7,4.800000000000001,0.0
2024-09-15,11.2,4.300000000000001,0.0
2024-09-16,13.1,2.4000000000000004,0.0
2024-09-17,15.5,0.0,0.0
2024-09-18,16.7,0.0,1.1999999999999993
2024-09-19,16.0,0.0,0.5
2024-09-20,15.9,0.0,0.40000000000000036
2024-09-21,15.6,0.0,0.09999999999999964
2024-09-22,15.6,0.0,0.09999999999999964
2024-09-23,14.8,0.6999999999999993,0.0
2024-09-24,14.7,0.8000000000000007,0.0
2024-09-25,14.0,1.5,0.0
2024-09-26,15.3,0.1999999999999993,0.0
2024-09-27,13.5,2.0,0.0
2024-09-28,10.2,5.300000000000001,0.0
2024-09-29,8.6,6.9,0.0
2024-09-30,10.2,5.300000000000001,0.0
2024-10-01,12.0,3.5,0.0
2024-10-02,10.4,5.1,0.0
2024-10-03,9.4,6.1,0.0
2024-10-04,9.5,6.0,0.0
2024-10-05,8.2,7.300000000000001,0.0
2024-10-06,8.8,6.699999999999999,0.0
2024-10-07,12.1,3.4000000000000004,0.0
2024-10-08,14.8,0.6999999999999993,0.0
2024-10-09,13.7,1.8000000000000007,0.0
2024-10-10,12.9,2.5999999999999996,0.0
2024-10-11,8.2,7.300000000000001,0.0
2024-10-12,7.4,8.1,0.0
2024-10-13,9.1,6.4,0.0
2024-10-14,7.8,7.7,0.0
2024-10-15,6.7,8.8,0.0
2024-10-16,9.9,5.6,0.0
2024-10-17,13.2,2.3000000000000007,0.0
2024-10-18,12.9,2.5999999999999996,0.0
2024-10-19,13.9,1.5999999999999996,0.0
2024-10-20,13.8,1.6999999999999993,0.0
2024-10-21,15.7,0.0,0.1999999999999993
2024-10-22,12.6,2.9000000000000004,0.0
2024-10-23,7.9,7.6,0.0
2024-10-24,9.5,6.0,0.0
2024-10-25,12.1,3.4000000000000004,0.0
2024-10-26,12.0,3.5,0.0
2024-10-27,11.5,4.0,0.0
2024-10-28,12.6,2.9000000000000004,0.0
2024-10-29,11.8,3.6999999999999993,0.0
2024-10-30,12.3,3.1999999999999993,0.0
2024-10-31,10.9,4.6,0.0
2024-11-01,9.1,6.4,0.0
2024-11-02,8.2,7.300000000000001,0.0
2024-11-03,5.5,10.0,0.0
2024-11-04,4.8,10.7,0.0
2024-11-05,6.2,9.3,0.0
2024-11-06,4.3,11.2,0.0
2024-11-07,5.0,10.5,0.0
2024-11-08,4.8,10.7,0.0
2024-11-09,4.6,10.9,0.0
2024-11-10,5.3,10.2,0.0
2024-11-11,6.6,8.9,0.0
2024-11-12,4.9,10.6,0.0
2024-11-13,5.1,10.4,0.0
2024-11-14,7.3,8.2,0.0
2024-11-15,6.7,8.8,0.0
2024-11-16,5.0,10.5,0.0
2024-11-17,4.6,10.9,0.0
2024-11-18,2.9,12.6,0.0
2024-11-19,4.6,10.9,0.0
2024-11-20,1.6,13.9,0.0
2024-11-21,-0.0,15.5,0.0
2024-11-22,0.4,15.1,0.0
2024-11-23,1.2,14.3,0.0
2024-11-24,9.8,5.699999999999999,0.0
2024-11-25,12.7,2.8000000000000007,0.0
2024-11-26,7.4,8.1,0.0
2024-11-27,6.4,9.1,0.0
2024-11-28,5.4,10.1,0.0
2024-11-29,1.7,13.8,0.0
2024-11-30,-0.1,15.6,0.0
2024-12-01,-0.5,16.0,0.0
2024-12-02,3.8,11.7,0.0
2024-12-03,3.5,12.0,0.0
2024-12-04,2.4,13.1,0.0
2024-12-05,1.5,14.0,0.0
2024-12-06,5.0,10.5,0.0
2024-12-07,3.9,11.6,0.0
2024-12-08,3.3,12.2,0.0
2024-12-09,2.6,12.9,0.0
2024-12-10,2.5,13.0,0.0
2024-12-11,1.3,14.2,0.0
2024-12-12,1.0,14.5,0.0
2024-12-13,-1.0,16.5,0.0
2024-12-14,0.4,15.1,0.0
2024-12-15,4.2,11.3,0.0
2024-12-16,8.5,7.0,0.0
2024-12-17,7.2,8.3,0.0
2024-12-18,7.2,8.3,0.0
2024-12-19,8.7,6.800000000000001,0.0
2024-12-20,2.9,12.6,0.0
2024-12-21,4.0,11.5,0.0
2024-12-22,4.0,11.5,0.0
2024-12-23,1.7,13.8,0.0
2024-12-24,2.0,13.5,0.0
2024-12-25,4.4,11.1,0.0
2024-12-26,4.3,11.2,0.0
2024-12-27,0.4,15.1,0.0
2024-12-28,-1.8,17.3,0.0
2024-12-29,-2.0,17.5,0.0
2024-12-30,-0.3,15.8,0.0
2024-12-31,-0.4,15.9,0.0
2025-01-01,2.8,12.7,0.0
2025-01-02,2.7,12.8,0.0
2025-01-03,0.4,15.1,0.0
2025-01-04,-1.3,16.8,0.0
2025-01-05,0.5,15.0,0.0
2025-01-06,8.3,7.199999999999999,0.0
2025-01-07,3.1,12.4,0.0
2025-01-08,1.7,13.8,0.0
2025-01-09,0.4,15.1,0.0
2025-01-10,-0.3,15.8,0.0
2025-01-11,-1.2,16.7,0.0
2025-01-12,-3.5,19.0,0.0
2025-01-13,-6.7,22.2,0.0
2025-01-14,-4.1,19.6,0.0
2025-01-15,1.2,14.3,0.0
2025-01-16,0.2,15.3,0.0
2025-01-17,-1.7,17.2,0.0
2025-01-18,-1.7,17.2,0.0
2025-01-19,0.1,15.4,0.0
2025-01-20,-1.4,16.9,0.0
2025-01-21,-1.6,17.1,0.0
2025-01-22,0.8,14.7,0.0
2025-01-23,2.5,13.0,0.0
2025-01-24,4.6,10.9,0.0
2025-01-25,7.7,7.8,0.0
2025-01-26,4.9,10.6,0.0
2025-01-27,7.3,8.2,0.0
2025-01-28,6.3,9.2,0.0
2025-01-29,5.6,9.9,0.0
2025-01-30,4.6,10.9,0.0
2025-01-31,1.9,13.6,0.0
2025-02-01,-1.6,17.1,0.0
2025-02-02,-2.0,17.5,0.0
2025-02-03,-1.9,17.4,0.0
2025-02-04,-2.0,17.5,0.0
2025-02-05,0.2,15.3,0.0
2025-02-06,1.6,13.9,0.0
2025-02-07,1.3,14.2,0.0
2025-02-08,1.0,14.5,0.0
2025-02-09,0.1,15.4,0.0
2025-02-10,-0.3,15.8,0.0
2025-02-11,0.9,14.6,0.0
2025-02-12,1.4,14.1,0.0
2025-02-13,-1.5,17.0,0.0
2025-02-14,-0.6,16.1,0.0
2025-02-15,-1.1,16.6,0.0
2025-02-16,-2.0,17.5,0.0
2025-02-17,-4.0,19.5,0.0
2025-02-18,-4.4,19.9,0.0
2025-02-19,-2.3,17.8,0.0
2025-02-20,1.6,13.9,0.0
2025-02-21,6.6,8.9,0.0
2025-02-22,7.9,7.6,0.0
2025-02-23,8.5,7.0,0.0
2025-02-24,7.7,7.8,0.0
2025-02-25,7.7,7.8,0.0
2025-02-26,5.5,10.0,0.0
2025-02-27,3.6,11.9,0.0
2025-02-28,1.8,13.7,0.0
2025-03-01,3.0,12.5,0.0
2025-03-02,1.2,14.3,0.0
2025-03-03,1.6,13.9,0.0
2025-03-04,2.6,12.9,0.0
2025-03-05,4.0,11.5,0.0
2025-03-06,5.6,9.9,0.0
2025-03-07,6.7,8.8,0.0
2025-03-08,6.2,9.3,0.0
2025-03-09,6.3,9.2,0.0
2025-03-10,5.5,10.0,0.0
2025-03-11,3.9,11.6,0.0
2025-03-12,3.2,12.3,0.0
2025-03-13,1.8,13.7,0.0
2025-03-14,1.8,13.7,0.0
2025-03-15,1.8,13.7,0.0
2025-03-16,1.9,13.6,0.0
2025-03-17,2.5,13.0,0.0
2025-03-18,0.6,14.9,0.0
2025-03-19,3.5,12.0,0.0
2025-03-20,5.7,9.8,0.0
2025-03-21,8.8,6.699999999999999,0.0
2025-03-22,9.8,5.699999999999999,0.0
2025-03-23,9.5,6.0,0.0
2025-03-24,9.3,6.199999999999999,0.0
2025-03-25,7.6,7.9,0.0
2025-03-26,7.0,8.5,0.0
2025-03-27,6.6,8.9,0.0
2025-03-28,7.5,8.0,0.0
2025-03-29,7.4,8.1,0.0
2025-03-30,5.6,9.9,0.0
2025-03-31,6.1,9.4,0.0
2025-04-01,5.7,9.8,0.0
2025-04-02,8.2,7.300000000000001,0.0
2025-04-03,9.8,5.699999999999999,0.0
2025-04-04,10.6,4.9,0.0
2025-04-05,8.2,7.300000000000001,0.0
2025-04-06,2.9,12.6,0.0
2025-04-07,3.6,11.9,0.0
2025-04-08,5.5,10.0,0.0
2025-04-09,5.6,9.9,0.0
2025-04-10,6.4,9.1,0.0
2025-04-11,8.1,7.4,0.0
2025-04-12,11.3,4.199999999999999,0.0
2025-04-13,13.1,2.4000000000000004,0.0
2025-04-14,12.3,3.1999999999999993,0.0
2025-04-15,14.2,1.3000000000000007,0.0
2025-04-16,14.5,1.0,0.0
2025-04-17,9.2,6.300000000000001,0.0
2025-04-18,7.4,8.1,0.0
2025-04-19,8.9,6.6,0.0
2025-04-20,10.6,4.9,0.0
2025-04-21,11.5,4.0,0.0
2025-04-22,11.0,4.5,0.0
2025-04-23,11.7,3.8000000000000007,0.0
2025-04-24,10.2,5.300000000000001,0.0
2025-04-25,9.6,5.9,0.0
2025-04-26,9.4,6.1,0.0
2025-04-27,9.5,6.0,0.0
2025-04-28,11.1,4.4,0.0
2025-04-29,12.9,2.5999999999999996,0.0
2025-04-30,14.7,0.8000000000000007,0.0
2025-05-01,16.2,0.0,0.6999999999999993
2025-05-02,17.8,0.0,2.3000000000000007
2025-05-03,12.6,2.9000000000000004,0.0
2025-05-04,8.9,6.6,0.0
2025-05-05,7.9,7.6,0.0
2025-05-06,8.3,7.199999999999999,0.0
2025-05-07,10.1,5.4,0.0
2025-05-08,8.3,7.199999999999999,0.0
2025-05-09,9.6,5.9,0.0
2025-05-10,12.1,3.4000000000000004,0.0
2025-05-11,14.1,1.4000000000000004,0.0
2025-05-12,12.9,2.5999999999999996,0.0
2025-05-13,12.2,3.3000000000000007,0.0
2025-05-14,14.0,1.5,0.0
2025-05-15,12.2,3.3000000000000007,0.0
2025-05-16,10.8,4.699999999999999,0.0
2025-05-17,11.3,4.199999999999999,0.0
2025-05-18,11.4,4.1,0.0
2025-05-19,12.9,2.5999999999999996,0.0
2025-05-20,14.5,1.0,0.0
2025-05-21,14.7,0.8000000000000007,0.0
2025-05-22,10.5,5.0,0.0
2025-05-23,8.1,7.4,0.0
2025-05-24,10.3,5.199999999999999,0.0
2025-05-25,13.0,2.5,0.0
2025-05-26,13.4,2.0999999999999996,0.0
2025-05-27,14.3,1.1999999999999993,0.0
2025-05-28,14.0,1.5,0.0
2025-05-29,12.7,2.8000000000000007,0.0
2025-05-30,17.8,0.0,2.3000000000000007
2025-05-31,18.9,0.0,3.3999999999999986
2025-06-01,17.9,0.0,2.3999999999999986
2025-06-02,15.6,0.0,0.09999999999999964
2025-06-03,15.4,0.09999999999999964,0.0
2025-06-04,16.7,0.0,1.1999999999999993
2025-06-05,15.3,0.1999999999999993,0.0
2025-06-06,15.8,0.0,0.3000000000000007
2025-06-07,14.8,0.6999999999999993,0.0
2025-06-08,12.6,2.9000000000000004,0.0
2025-06-09,12.0,3.5,0.0
2025-06-10,13.6,1.9000000000000004,0.0
2025-06-11,13.5,2.0,0.0
2025-06-12,15.4,0.09999999999999964,0.0
2025-06-13,19.1,0.0,3.6000000000000014
2025-06-14,22.4,0.0,6.899999999999999
2025-06-15,19.9,0.0,4.399999999999999
2025-06-16,16.9,0.0,1.3999999999999986
2025-06-17,18.7,0.0,3.1999999999999993
2025-06-18,20.0,0.0,4.5
2025-06-19,17.7,0.0,2.1999999999999993
2025-06-20,15.7,0.0,0.1999999999999993
2025-06-21,18.9,0.0,3.3999999999999986
2025-06-22,23.0,0.0,7.5
2025-06-23,19.9,0.0,4.399999999999999
2025-06-24,17.4,0.0,1.8999999999999986
2025-06-25,21.7,0.0,6.199999999999999
2025-06-26,20.9,0.0,5.399999999999999
2025-06-27,17.4,0.0,1.8999999999999986
2025-06-28,20.3,0.0,4.800000000000001
2025-06-29,22.5,0.0,7.0
2025-06-30,20.4,0.0,4.899999999999999
2025-07-01,23.1,0.0,7.600000000000001
2025-07-02,26.8,0.0,11.3
2025-07-03,20.6,0.0,5.100000000000001
2025-07-04,18.2,0.0,2.6999999999999993
2025-07-05,19.3,0.0,3.8000000000000007
2025-07-06,18.4,0.0,2.8999999999999986
2025-07-07,15.8,0.0,0.3000000000000007
2025-07-08,14.3,1.1999999999999993,0.0
2025-07-09,16.0,0.0,0.5
2025-07-10,16.4,0.0,0.8999999999999986
2025-07-11,17.2,0.0,1.6999999999999993
2025-07-12,17.4,0.0,1.8999999999999986
2025-07-13,18.0,0.0,2.5
2025-07-14,19.5,0.0,4.0
2025-07-15,17.4,0.0,1.8999999999999986
2025-07-16,14.7,0.8000000000000007,0.0
2025-07-17,15.7,0.0,0.1999999999999993
2025-07-18,18.1,0.0,2.6000000000000014
2025-07-19,20.9,0.0,5.399999999999999
2025-07-20,22.7,0.0,7.199999999999999
2025-07-21,18.1,0.0,2.6000000000000014
2025-07-22,17.5,0.0,2.0
2025-07-23,18.4,0.0,2.8999999999999986
2025-07-24,18.9,0.0,3.3999999999999986
2025-07-25,18.9,0.0,3.3999999999999986
2025-07-26,19.2,0.0,3.6999999999999993
2025-07-27,16.9,0.0,1.3999999999999986
2025-07-28,16.7,0.0,1.1999999999999993
2025-07-29,15.6,0.0,0.09999999999999964
2025-07-30,15.8,0.0,0.3000000000000007
2025-07-31,16.3,0.0,0.8000000000000007
2025-08-01,16.4,0.0,0.8999999999999986
2025-08-02,15.8,0.0,0.3000000000000007
2025-08-03,14.8,0.6999999999999993,0.0
2025-08-04,18.4,0.0,2.8999999999999986
2025-08-05,17.3,0.0,1.8000000000000007
2025-08-06,15.7,0.0,0.1999999999999993
2025-08-07,18.0,0.0,2.5
2025-08-08,20.3,0.0,4.800000000000001
2025-08-09,21.2,0.0,5.699999999999999
2025-08-10,19.4,0.0,3.8999999999999986
2025-08-11,19.4,0.0,3.8999999999999986
2025-08-12,21.2,0.0,5.699999999999999
2025-08-13,24.0,0.0,8.5
2025-08-14,25.9,0.0,10.399999999999999
2025-08-15,24.0,0.0,8.5
2025-08-16,18.7,0.0,3.1999999999999993
2025-08-17,14.7,0.8000000000000007,0.0
2025-08-18,16.9,0.0,1.3999999999999986
2025-08-19,18.7,0.0,3.1999999999999993
2025-08-20,17.4,0.0,1.8999999999999986
2025-08-21,16.8,0.0,1.3000000000000007
2025-08-22,13.9,1.5999999999999996,0.0
2025-08-23,13.5,2.0,0.0
2025-08-24,12.4,3.0999999999999996,0.0
2025-08-25,13.6,1.9000000000000004,0.0
2025-08-26,16.8,0.0,1.3000000000000007
2025-08-27,21.0,0.0,5.5
2025-08-28,17.4,0.0,1.8999999999999986
2025-08-29,17.1,0.0,1.6000000000000014
2025-08-30,16.9,0.0,1.3999999999999986
2025-08-31,17.7,0.0,2.1999999999999993
2025-09-01,17.7,0.0,2.1999999999999993
2025-09-02,17.3,0.0,1.8000000000000007
2025-09-03,17.8,0.0,2.3000000000000007
2025-09-04,20.3,0.0,4.800000000000001
2025-09-05,17.0,0.0,1.5
2025-09-06,15.2,0.3000000000000007,0.0
2025-09-07,17.2,0.0,1.6999999999999993
2025-09-08,16.8,0.0,1.3000000000000007
2025-09-09,16.2,0.0,0.6999999999999993
2025-09-10,15.2,0.3000000000000007,0.0
2025-09-11,14.5,1.0,0.0
2025-09-12,13.6,1.9000000000000004,0.0
2025-09-13,13.3,2.1999999999999993,0.0
2025-09-14,14.1,1.4000000000000004,0.0
2025-09-15,16.9,0.0,1.3999999999999986
2025-09-16,14.4,1.0999999999999996,0.0
2025-09-17,13.6,1.9000000000000004,0.0
2025-09-18,17.7,0.0,2.1999999999999993
2025-09-19,18.9,0.0,3.3999999999999986
2025-09-20,21.0,0.0,5.5
2025-09-21,17.5,0.0,2.0
2025-09-22,11.2,4.300000000000001,0.0
2025-09-23,10.8,4.699999999999999,0.0
2025-09-24,10.5,5.0,0.0
2025-09-25,8.4,7.1,0.0
2025-09-26,9.9,5.6,0.0
2025-09-27,11.7,3.8000000000000007,0.0
2025-09-28,12.6,2.9000000000000004,0.0
2025-09-29,12.2,3.3000000000000007,0.0
2025-09-30,10.3,5.199999999999999,0.0
2025-10-01,6.7,8.8,0.0
2025-10-02,7.0,8.5,0.0
2025-10-03,8.7,6.800000000000001,0.0
2025-10-04,10.2,5.300000000000001,0.0
2025-10-05,9.5,6.0,0.0
2025-10-06,10.4,5.1,0.0
2025-10-07,12.7,2.8000000000000007,0.0
2025-10-08,13.2,2.3000000000000007,0.0
2025-10-09,12.3,3.1999999999999993,0.0
2025-10-10,12.5,3.0,0.0
2025-10-11,12.3,3.1999999999999993,0.0
2025-10-12,11.8,3.6999999999999993,0.0
2025-10-13,11.9,3.5999999999999996,0.0
2025-10-14,9.6,5.9,0.0
2025-10-15,11.3,4.199999999999999,0.0
2025-10-16,10.6,4.9,0.0
2025-10-17,10.2,5.300000000000001,0.0
2025-10-18,6.4,9.1,0.0
2025-10-19,5.9,9.6,0.0
2025-10-20,9.8,5.699999999999999,0.0
2025-10-21,11.7,3.8000000000000007,0.0
2025-10-22,11.9,3.5999999999999996,0.0
2025-10-23,12.5,3.0,0.0
2025-10-24,8.3,7.199999999999999,0.0
2025-10-25,8.3,7.199999999999999,0.0
2025-10-26,5.4,10.1,0.0
2025-10-27,6.3,9.2,0.0
2025-10-28,8.0,7.5,0.0
2025-10-29,9.8,5.699999999999999,0.0
2025-10-30,9.5,6.0,0.0
2025-10-31,6.5,9.0,0.0
2025-11-01,10.1,5.4,0.0
2025-11-02,10.0,5.5,0.0
2025-11-03,8.2,7.300000000000001,0.0
2025-11-04,10.5,5.0,0.0
2025-11-05,9.9,5.6,0.0
2025-11-06,7.3,8.2,0.0
2025-11-07,3.9,11.6,0.0
2025-11-08,5.7,9.8,0.0
2025-11-09,7.2,8.3,0.0
2025-11-10,7.3,8.2,0.0
2025-11-11,7.9,7.6,0.0
2025-11-12,7.9,7.6,0.0
2025-11-13,11.4,4.1,0.0
2025-11-14,11.7,3.8000000000000007,0.0
2025-11-15,8.5,7.0,0.0
2025-11-16,7.9,7.6,0.0
2025-11-17,2.6,12.9,0.0
2025-11-18,1.5,14.0,0.0
2025-11-19,1.7,13.8,0.0
2025-11-20,0.7,14.8,0.0
2025-11-21,-2.9,18.4,0.0
2025-11-22,-3.7,19.2,0.0
2025-11-23,-2.9,18.4,0.0
2025-11-24,1.7,13.8,0.0
2025-11-25,2.2,13.3,0.0
2025-11-26,1.1,14.4,0.0
2025-11-27,2.2,13.3,0.0
2025-11-28,4.5,11.0,0.0
2025-11-29,6.1,9.4,0.0
2025-11-30,7.0,8.5,0.0
2025-12-01,2.5,13.0,0.0
2025-12-02,3.0,12.5,0.0
2025-12-03,4.1,11.4,0.0
2025-12-04,0.7,14.8,0.0
2025-12-05,1.3,14.2,0.0
2025-12-06,4.1,11.4,0.0
2025-12-07,7.8,7.7,0.0
2025-12-08,10.9,4.6,0.0
2025-12-09,10.7,4.800000000000001,0.0
2025-12-10,9.3,6.199999999999999,0.0
2025-12-11,6.5,9.0,0.0
2025-12-12,5.1,10.4,0.0
2025-12-13,6.5,9.0,0.0
2025-12-14,5.2,10.3,0.0
2025-12-15,4.8,10.7,0.0
2025-12-16,3.1,12.4,0.0
2025-12-17,2.1,13.4,0.0
2025-12-18,7.0,8.5,0.0
2025-12-19,8.4,7.1,0.0
2025-12-20,7.2,8.3,0.0
2025-12-21,5.5,10.0,0.0
2025-12-22,3.3,12.2,0.0
2025-12-23,1.9,13.6,0.0
2025-12-24,-1.9,17.4,0.0
2025-12-25,-5.6,21.1,0.0
2025-12-26,-3.8,19.3,0.0
2025-12-27,-2.7,18.2,0.0
2025-12-28,-1.2,16.7,0.0
2025-12-29,-1.4,16.9,0.0
2025-12-30,-1.2,16.7,0.0
2025-12-31,-0.7,16.2,0.0
