,renewable_share,fossil_share
2021-01-01,0.3854916986556514,0.6145083013443486
2021-01-04,0.5070189839517693,0.49298101604823075
2021-01-05,0.5332284357791094,0.4667715642208906
2021-01-06,0.3507838460136802,0.6492161539863198
2021-01-07,0.41820834441270405,0.581791655587296
2021-01-08,0.2785169610497693,0.7214830389502307
2021-01-11,0.3101407143299077,0.6898592856700922
2021-01-12,0.3740397300130481,0.625960269986952
2021-01-13,0.3118608147705337,0.6881391852294663
2021-01-14,0.5129681472366153,0.4870318527633847
2021-01-15,0.2974858768177294,0.7025141231822706
2021-01-18,0.3866982464659276,0.6133017535340723
2021-01-19,0.43170977213796274,0.5682902278620372
2021-01-20,0.45755917244825334,0.5424408275517467
2021-01-21,0.36492081091795203,0.635079189082048
2021-01-22,0.5107297206174186,0.4892702793825814
2021-01-25,0.4204957453233777,0.5795042546766223
2021-01-26,0.38185233413426556,0.6181476658657344
2021-01-27,0.270172190215611,0.729827809784389
2021-01-28,0.3894068405335495,0.6105931594664504
2021-01-29,0.4962207522447191,0.5037792477552809
2021-02-01,0.43436230546639465,0.5656376945336054
2021-02-02,0.49964873611873556,0.5003512638812644
2021-02-03,0.3982035011797917,0.6017964988202082
2021-02-04,0.28553851152834453,0.7144614884716555
2021-02-05,0.2540919537507643,0.7459080462492357
2021-02-08,0.3409658640155774,0.6590341359844226
2021-02-09,0.4593971414493378,0.5406028585506621
2021-02-10,0.4870779711825082,0.5129220288174918
2021-02-11,0.3387258503860988,0.6612741496139012
2021-02-12,0.39869617626497417,0.6013038237350259
2021-02-15,0.3763356713302245,0.6236643286697755
2021-02-16,0.37315683530542837,0.6268431646945716
2021-02-17,0.31940461396004516,0.6805953860399548
2021-02-18,0.2909113315088375,0.7090886684911625
2021-02-19,0.30900656746936395,0.690993432530636
2021-02-22,0.26659971614900385,0.7334002838509961
2021-02-23,0.3094392225470731,0.6905607774529269
2021-02-24,0.25276026928761386,0.7472397307123861
2021-02-25,0.43817752019079353,0.5618224798092064
2021-02-26,0.34491262221630486,0.6550873777836952
2021-03-01,0.5419434134280726,0.4580565865719274
2021-03-02,0.30811511523288937,0.6918848847671106
2021-03-03,0.35374857109287816,0.6462514289071218
2021-03-04,0.35735234759246,0.64264765240754
2021-03-05,0.2525354488187382,0.7474645511812619
2021-03-08,0.5017623859118377,0.49823761408816225
2021-03-09,0.2595983380432974,0.7404016619567027
2021-03-10,0.5320539504187725,0.46794604958122754
2021-03-11,0.5176223053280863,0.4823776946719137
2021-03-12,0.4106565748257891,0.5893434251742109
2021-03-15,0.41307867247338764,0.5869213275266123
2021-03-16,0.44613337688684696,0.553866623113153
2021-03-17,0.3661150035804661,0.6338849964195339
2021-03-18,0.4441666850193567,0.5558333149806434
2021-03-19,0.26343051660654604,0.736569483393454
2021-03-22,0.266214288204918,0.733785711795082
2021-03-23,0.38716912588586333,0.6128308741141366
2021-03-24,0.4148866903318105,0.5851133096681895
2021-03-25,0.5163452921007458,0.48365470789925424
2021-03-26,0.2813981901723689,0.7186018098276311
2021-03-29,0.49679437815816685,0.5032056218418332
2021-03-30,0.3130142011876209,0.6869857988123791
2021-03-31,0.36822509455300956,0.6317749054469904
2021-04-01,0.34498073044822386,0.6550192695517761
2021-04-02,0.3700465818596197,0.6299534181403803
2021-04-05,0.29514864942177566,0.7048513505782243
2021-04-06,0.4010710223210665,0.5989289776789335
2021-04-07,0.49049277694941024,0.5095072230505897
2021-04-08,0.38246020311366913,0.6175397968863309
2021-04-09,0.3971840727694598,0.6028159272305402
2021-04-12,0.5046302755843943,0.4953697244156057
2021-04-13,0.46181743439140926,0.5381825656085908
2021-04-14,0.39713632255593545,0.6028636774440645
2021-04-15,0.3273086944567539,0.6726913055432461
2021-04-16,0.5154780240534901,0.4845219759465099
2021-04-19,0.4231061205071675,0.5768938794928324
2021-04-20,0.31634428303320805,0.683655716966792
2021-04-21,0.3307359257914031,0.6692640742085969
2021-04-22,0.49093992668087383,0.5090600733191262
2021-04-23,0.26324366862623666,0.7367563313737633
2021-04-26,0.547627656108646,0.45237234389135395
2021-04-27,0.28910550391443757,0.7108944960855624
2021-04-28,0.4888205576190813,0.5111794423809187
2021-04-29,0.3684325950315049,0.6315674049684952
2021-04-30,0.3976648549862401,0.60233514501376
2021-05-03,0.5141951732393734,0.48580482676062664
2021-05-04,0.373873356876764,0.626126643123236
2021-05-05,0.41124812610197037,0.5887518738980296
2021-05-06,0.264789898722751,0.735210101277249
2021-05-07,0.25070424216023596,0.7492957578397641
2021-05-10,0.32343996190051777,0.6765600380994823
2021-05-11,0.45417492787563024,0.5458250721243698
2021-05-12,0.286379468007741,0.713620531992259
2021-05-13,0.28412858764136484,0.7158714123586352
2021-05-14,0.373288182410771,0.626711817589229
2021-05-17,0.444351111582468,0.555648888417532
2021-05-18,0.46362159767437916,0.5363784023256208
2021-05-19,0.30353520222951247,0.6964647977704875
2021-05-20,0.2738764442116127,0.7261235557883873
2021-05-21,0.5321191101836633,0.4678808898163367
2021-05-24,0.32819991476863053,0.6718000852313695
2021-05-25,0.5060039492826172,0.49399605071738284
2021-05-26,0.5090474351388455,0.49095256486115446
2021-05-27,0.4817567775287634,0.5182432224712366
2021-05-28,0.30065008199577103,0.699349918004229
2021-05-31,0.4965404377762601,0.5034595622237399
2021-06-01,0.48077516777247603,0.5192248322275239
2021-06-02,0.42901689703186513,0.5709831029681349
2021-06-03,0.3511606105506858,0.6488393894493142
2021-06-04,0.32875258127996326,0.6712474187200368
2021-06-07,0.2865667636241077,0.7134332363758923
2021-06-08,0.40292712007026144,0.5970728799297386
2021-06-09,0.42557826265295395,0.574421737347046
2021-06-10,0.3578016971547362,0.6421983028452638
2021-06-11,0.3926077203042606,0.6073922796957394
2021-06-14,0.35905433721078,0.64094566278922
2021-06-15,0.4423018171962104,0.5576981828037896
2021-06-16,0.520377762338969,0.47962223766103096
2021-06-17,0.29917607861408346,0.7008239213859165
2021-06-18,0.36442264297093707,0.6355773570290629
2021-06-21,0.2922605811852584,0.7077394188147417
2021-06-22,0.4374831311223496,0.5625168688776504
2021-06-23,0.4686611528465788,0.5313388471534213
2021-06-24,0.5295738197792368,0.4704261802207632
2021-06-25,0.3336615778782895,0.6663384221217106
2021-06-28,0.5350633617596291,0.4649366382403709
2021-06-29,0.26897880154620246,0.7310211984537975
2021-06-30,0.43090415900937645,0.5690958409906235
2021-07-01,0.267139815802999,0.732860184197001
2021-07-02,0.5181322563285835,0.4818677436714165
2021-07-05,0.40894271712101626,0.5910572828789837
2021-07-06,0.45080450522883886,0.5491954947711611
2021-07-07,0.4994721777731358,0.5005278222268642
2021-07-08,0.29509318674519064,0.7049068132548093
2021-07-09,0.26157746858144015,0.7384225314185598
2021-07-12,0.5136643437738557,0.4863356562261443
2021-07-13,0.34447996823767973,0.6555200317623202
2021-07-14,0.2886936723781496,0.7113063276218504
2021-07-15,0.390538371126126,0.609461628873874
2021-07-16,0.42949182270880565,0.5705081772911944
2021-07-19,0.259291181026753,0.7407088189732469
2021-07-20,0.3324686974771263,0.6675313025228737
2021-07-21,0.2598399622830688,0.7401600377169312
2021-07-22,0.3761006167586497,0.6238993832413503
2021-07-23,0.5185300087198733,0.4814699912801267
2021-07-26,0.5447957234480708,0.4552042765519292
2021-07-27,0.4411142660510883,0.5588857339489117
2021-07-28,0.29849130813537755,0.7015086918646225
2021-07-29,0.5217548169997918,0.47824518300020824
2021-07-30,0.40487434696001817,0.5951256530399818
2021-08-02,0.29612479363087546,0.7038752063691245
2021-08-03,0.5265180008354985,0.4734819991645015
2021-08-04,0.47724071521693096,0.5227592847830691
2021-08-05,0.4695115818169455,0.5304884181830545
2021-08-06,0.46275421113832144,0.5372457888616786
2021-08-09,0.31010194632893273,0.6898980536710673
2021-08-10,0.31330200751225784,0.6866979924877421
2021-08-11,0.45648789952817653,0.5435121004718235
2021-08-12,0.3159168250331191,0.684083174966881
2021-08-13,0.38160150904091467,0.6183984909590854
2021-08-16,0.48460054767818245,0.5153994523218175
2021-08-17,0.48518575542935233,0.5148142445706476
2021-08-18,0.3859785317577579,0.614021468242242
2021-08-19,0.4876569814825736,0.5123430185174265
2021-08-20,0.5015865388594171,0.49841346114058294
2021-08-23,0.4464327253852781,0.5535672746147219
2021-08-24,0.31852775569252606,0.6814722443074739
2021-08-25,0.3322035341156643,0.6677964658843357
2021-08-26,0.34445234662262064,0.6555476533773794
2021-08-27,0.2850412323201856,0.7149587676798144
2021-08-30,0.3319478861109835,0.6680521138890165
2021-08-31,0.31285576729375963,0.6871442327062404
2021-09-01,0.3865986249425807,0.6134013750574193
2021-09-02,0.5225312643616795,0.4774687356383205
2021-09-03,0.2813440950261874,0.7186559049738126
2021-09-06,0.4660803771842187,0.5339196228157813
2021-09-07,0.45618490132393835,0.5438150986760617
2021-09-08,0.2787262595990073,0.7212737404009927
2021-09-09,0.52677172147174,0.47322827852826
2021-09-10,0.4205416606470459,0.5794583393529541
2021-09-13,0.3591176563407053,0.6408823436592948
2021-09-14,0.47696157504859205,0.523038424951408
2021-09-15,0.3272096375204902,0.6727903624795097
2021-09-16,0.45805295111389616,0.5419470488861038
2021-09-17,0.26191336227167417,0.7380866377283258
2021-09-20,0.5018224112827816,0.4981775887172184
2021-09-21,0.3844512541063956,0.6155487458936044
2021-09-22,0.44100787430738253,0.5589921256926175
2021-09-23,0.3163713459420051,0.6836286540579949
2021-09-24,0.4531221137975344,0.5468778862024656
2021-09-27,0.481672082767983,0.518327917232017
2021-09-28,0.39196395606531964,0.6080360439346804
2021-09-29,0.4353180772185383,0.5646819227814617
2021-09-30,0.3868977771467196,0.6131022228532804
2021-10-01,0.5182274107773537,0.4817725892226463
2021-10-04,0.3993607541542958,0.6006392458457042
2021-10-05,0.5025426127086458,0.49745738729135425
2021-10-06,0.4904056174810746,0.5095943825189254
2021-10-07,0.373151446404507,0.6268485535954931
2021-10-08,0.31902534755724254,0.6809746524427575
2021-10-11,0.37182463976793134,0.6281753602320687
2021-10-12,0.49786521273256606,0.502134787267434
2021-10-13,0.3182897607458177,0.6817102392541823
2021-10-14,0.40733090375732484,0.5926690962426752
2021-10-15,0.4918290243882243,0.5081709756117757
2021-10-18,0.35604324253851366,0.6439567574614864
2021-10-19,0.44266289110080925,0.5573371088991907
2021-10-20,0.3236894722146444,0.6763105277853556
2021-10-21,0.28278383361044795,0.717216166389552
2021-10-22,0.4883152675278569,0.5116847324721431
2021-10-25,0.27969058702261207,0.7203094129773879
2021-10-26,0.3314144185238754,0.6685855814761246
2021-10-27,0.506532826599232,0.49346717340076796
2021-10-28,0.3539407861236002,0.6460592138763999
2021-10-29,0.5419136048542483,0.45808639514575167
2021-11-01,0.543920300432158,0.456079699567842
2021-11-02,0.330482806136067,0.669517193863933
2021-11-03,0.2622934666749671,0.7377065333250329
2021-11-04,0.4615189852616138,0.5384810147383863
2021-11-05,0.38529595079450313,0.6147040492054969
2021-11-08,0.2802258531878729,0.719774146812127
2021-11-09,0.46225684569341285,0.5377431543065871
2021-11-10,0.25935247273357637,0.7406475272664237
2021-11-11,0.5110590071476727,0.4889409928523273
2021-11-12,0.29159575873399113,0.7084042412660089
2021-11-15,0.2881935636240175,0.7118064363759825
2021-11-16,0.30270168939057535,0.6972983106094246
2021-11-17,0.53807990754762,0.46192009245237997
2021-11-18,0.45795080807615385,0.5420491919238462
2021-11-19,0.490411460639091,0.509588539360909
2021-11-22,0.3692904957198259,0.630709504280174
2021-11-23,0.3508938182514867,0.6491061817485133
2021-11-24,0.320345202034951,0.679654797965049
2021-11-25,0.3941944084937227,0.6058055915062772
2021-11-26,0.41554862006025056,0.5844513799397495
2021-11-29,0.43953245309582667,0.5604675469041733
2021-11-30,0.32713555119960835,0.6728644488003916
2021-12-01,0.5345962242708973,0.46540377572910274
2021-12-02,0.3009275494621408,0.6990724505378592
2021-12-03,0.5396959524299237,0.46030404757007626
2021-12-06,0.2544568367522511,0.7455431632477489
2021-12-07,0.3943377075450537,0.6056622924549463
2021-12-08,0.35001035143496884,0.6499896485650312
2021-12-09,0.38473702417907524,0.6152629758209247
2021-12-10,0.4211993736942367,0.5788006263057632
2021-12-13,0.38067674740381274,0.6193232525961873
2021-12-14,0.3744540550904785,0.6255459449095215
2021-12-15,0.469817024623992,0.530182975376008
2021-12-16,0.45576288252593944,0.5442371174740606
2021-12-17,0.4999813846107544,0.5000186153892456
2021-12-20,0.32498769437184866,0.6750123056281514
2021-12-21,0.4328585529262191,0.5671414470737809
2021-12-22,0.42555843561785617,0.5744415643821439
2021-12-23,0.36092134326180664,0.6390786567381934
2021-12-24,0.3958172625708043,0.6041827374291957
2021-12-27,0.34413464299171864,0.6558653570082813
2021-12-28,0.2925533192850956,0.7074466807149045
2021-12-29,0.3141403631988199,0.6858596368011801
2021-12-30,0.28165409392036034,0.7183459060796397
2021-12-31,0.4549208725570373,0.5450791274429627
2022-01-03,0.44821821793274547,0.5517817820672546
2022-01-04,0.5351819114739619,0.4648180885260381
2022-01-05,0.4689035240941724,0.5310964759058276
2022-01-06,0.2656137516268394,0.7343862483731606
2022-01-07,0.5152735521786863,0.4847264478213137
2022-01-10,0.5088025488837178,0.4911974511162822
2022-01-11,0.38299609623180964,0.6170039037681904
2022-01-12,0.4257589151583765,0.5742410848416235
2022-01-13,0.5428234997417557,0.4571765002582443
2022-01-14,0.4096913091544499,0.5903086908455502
2022-01-17,0.521596548512827,0.478403451487173
2022-01-18,0.2749116273430559,0.7250883726569441
2022-01-19,0.30731556061260484,0.6926844393873952
2022-01-20,0.38222648303239537,0.6177735169676046
2022-01-21,0.42542704250119145,0.5745729574988085
2022-01-24,0.4948683555588401,0.5051316444411599
2022-01-25,0.5464786345429561,0.4535213654570439
2022-01-26,0.36665544894223495,0.6333445510577651
2022-01-27,0.2642246908420255,0.7357753091579745
2022-01-28,0.4903514509885975,0.5096485490114024
2022-01-31,0.43131421572484246,0.5686857842751576
2022-02-01,0.3095628576604605,0.6904371423395395
2022-02-02,0.39844853698642607,0.6015514630135739
2022-02-03,0.47269307366011737,0.5273069263398826
2022-02-04,0.48112353612059316,0.5188764638794068
2022-02-07,0.39988552359962865,0.6001144764003714
2022-02-08,0.3415643590386577,0.6584356409613423
2022-02-09,0.5421227746115481,0.4578772253884519
2022-02-10,0.4490087832869479,0.5509912167130522
2022-02-11,0.3724712558038896,0.6275287441961104
2022-02-14,0.33413896726139575,0.6658610327386043
2022-02-15,0.46933089490106866,0.5306691050989314
2022-02-16,0.3226550336781303,0.6773449663218697
2022-02-17,0.30151299669210646,0.6984870033078936
2022-02-18,0.4089501666886211,0.591049833311379
2022-02-21,0.33699621779324257,0.6630037822067574
2022-02-22,0.43867154347708454,0.5613284565229155
2022-02-23,0.28538160246227007,0.7146183975377299
2022-02-24,0.4464823313701965,0.5535176686298036
2022-02-25,0.3349889583993107,0.6650110416006894
2022-02-28,0.2500728803303538,0.7499271196696462
2022-03-01,0.28808081730225293,0.7119191826977471
2022-03-02,0.5300846133505283,0.46991538664947174
2022-03-03,0.5102063917346074,0.48979360826539264
2022-03-04,0.32008270961087104,0.679917290389129
2022-03-07,0.4835115713636474,0.5164884286363526
2022-03-08,0.4325714779521923,0.5674285220478077
2022-03-09,0.5412714134349609,0.4587285865650391
2022-03-10,0.36208169786021777,0.6379183021397823
2022-03-11,0.45443818375515144,0.5455618162448486
2022-03-14,0.2690607167271756,0.7309392832728244
2022-03-15,0.3688742040449218,0.6311257959550782
2022-03-16,0.5391452983564542,0.4608547016435458
2022-03-17,0.4116942623350362,0.5883057376649639
2022-03-18,0.3363638510004534,0.6636361489995466
2022-03-21,0.28608128893858203,0.713918711061418
2022-03-22,0.46105850205445914,0.5389414979455409
2022-03-23,0.4434568130289181,0.556543186971082
2022-03-24,0.3621816140811324,0.6378183859188675
2022-03-25,0.5352824055597504,0.4647175944402496
2022-03-28,0.2566608438963551,0.7433391561036449
2022-03-29,0.34111715548954774,0.6588828445104522
2022-03-30,0.5263208458898745,0.4736791541101255
2022-03-31,0.3462806314958321,0.6537193685041679
2022-04-01,0.32567585015655115,0.6743241498434489
2022-04-04,0.4102661229793742,0.5897338770206257
2022-04-05,0.4971405249761614,0.5028594750238387
2022-04-06,0.28094402826350834,0.7190559717364917
2022-04-07,0.5329062128937209,0.46709378710627913
2022-04-08,0.48852186435434924,0.5114781356456508
2022-04-11,0.3043750766654656,0.6956249233345344
2022-04-12,0.46360238835944884,0.5363976116405511
2022-04-13,0.3654876167912672,0.6345123832087328
2022-04-14,0.3706884034228956,0.6293115965771043
2022-04-15,0.48498702773165997,0.5150129722683401
2022-04-18,0.5388354423942197,0.46116455760578035
2022-04-19,0.2879967618541582,0.7120032381458419
2022-04-20,0.37618907106364585,0.6238109289363541
2022-04-21,0.39428248242529107,0.6057175175747089
2022-04-22,0.3628935450864993,0.6371064549135007
2022-04-25,0.35895673711486753,0.6410432628851325
2022-04-26,0.26568060026847895,0.734319399731521
2022-04-27,0.455661586168787,0.5443384138312131
2022-04-28,0.38086432513601365,0.6191356748639864
2022-04-29,0.30843814079317805,0.691561859206822
2022-05-02,0.49481005069062056,0.5051899493093794
2022-05-03,0.4907682244454884,0.5092317755545116
2022-05-04,0.3959174884266682,0.6040825115733318
2022-05-05,0.33953519834432816,0.6604648016556718
2022-05-06,0.44142781773893575,0.5585721822610643
2022-05-09,0.3364456407332209,0.6635543592667791
2022-05-10,0.3208023790971136,0.6791976209028864
2022-05-11,0.469154396207898,0.530845603792102
2022-05-12,0.2620975719162852,0.7379024280837148
2022-05-13,0.2784305413103782,0.7215694586896217
2022-05-16,0.25203645220707693,0.7479635477929231
2022-05-17,0.29588295594262787,0.7041170440573721
2022-05-18,0.27069700261313784,0.7293029973868621
2022-05-19,0.5487407103339756,0.45125928966602435
2022-05-20,0.3366429909862269,0.663357009013773
2022-05-23,0.2947804038007742,0.7052195961992258
2022-05-24,0.3222988773987754,0.6777011226012246
2022-05-25,0.5308376714620404,0.4691623285379596
2022-05-26,0.4060480669073187,0.5939519330926812
2022-05-27,0.3594454288923571,0.6405545711076429
2022-05-30,0.5120174373727658,0.48798256262723416
2022-05-31,0.36849708116470975,0.6315029188352903
2022-06-01,0.35050257098730875,0.6494974290126913
2022-06-02,0.3121847567649207,0.6878152432350793
2022-06-03,0.36333904717282345,0.6366609528271765
2022-06-06,0.3450053068050778,0.6549946931949222
2022-06-07,0.45319118778944234,0.5468088122105577
2022-06-08,0.33687481140121817,0.6631251885987819
2022-06-09,0.42315992392676843,0.5768400760732315
2022-06-10,0.2697676495095918,0.7302323504904082
2022-06-13,0.3073867470089543,0.6926132529910457
2022-06-14,0.3722215814834047,0.6277784185165953
2022-06-15,0.5310847761726086,0.46891522382739137
2022-06-16,0.36317559571470864,0.6368244042852913
2022-06-17,0.4492222363599503,0.5507777636400497
2022-06-20,0.32652616672641943,0.6734738332735806
2022-06-21,0.28811007279196954,0.7118899272080305
2022-06-22,0.267560980024015,0.7324390199759849
2022-06-23,0.34162404956282544,0.6583759504371746
2022-06-24,0.2972983080390724,0.7027016919609276
2022-06-27,0.30220313440483726,0.6977968655951627
2022-06-28,0.47822779251608505,0.521772207483915
2022-06-29,0.2547514212834623,0.7452485787165377
2022-06-30,0.41734303772063036,0.5826569622793696
2022-07-01,0.36383841417803947,0.6361615858219605
2022-07-04,0.4019649999725642,0.5980350000274358
2022-07-05,0.4188490711643809,0.5811509288356191
2022-07-06,0.3440103083371835,0.6559896916628165
2022-07-07,0.3385326580552856,0.6614673419447143
2022-07-08,0.4700205548004717,0.5299794451995283
2022-07-11,0.5113830964363472,0.48861690356365284
2022-07-12,0.3077744897375584,0.6922255102624416
2022-07-13,0.2792856281605447,0.7207143718394553
2022-07-14,0.5193387419176079,0.48066125808239213
2022-07-15,0.3549686390942196,0.6450313609057804
2022-07-18,0.41539521719884426,0.5846047828011558
2022-07-19,0.35786294335600105,0.642137056643999
2022-07-20,0.2877407009038154,0.7122592990961846
2022-07-21,0.42679949348431845,0.5732005065156816
2022-07-22,0.4075422555308889,0.592457744469111
2022-07-25,0.3108980677573592,0.6891019322426408
2022-07-26,0.3855607133956834,0.6144392866043167
2022-07-27,0.4890842512046938,0.5109157487953062
2022-07-28,0.42712783093236745,0.5728721690676326
2022-07-29,0.27907519812009846,0.7209248018799015
2022-08-01,0.41440644916874053,0.5855935508312595
2022-08-02,0.4608214897868761,0.5391785102131239
2022-08-03,0.48781102173422547,0.5121889782657745
2022-08-04,0.4387352735902801,0.5612647264097199
2022-08-05,0.2957974493622351,0.7042025506377649
2022-08-08,0.4630519799770482,0.5369480200229517
2022-08-09,0.45320255382445496,0.546797446175545
2022-08-10,0.25732806488218996,0.74267193511781
2022-08-11,0.37352430027707295,0.626475699722927
2022-08-12,0.349885074088712,0.6501149259112879
2022-08-15,0.45082361927609305,0.549176380723907
2022-08-16,0.31484074369327625,0.6851592563067237
2022-08-17,0.42726157689227756,0.5727384231077224
2022-08-18,0.5239617885442518,0.4760382114557482
2022-08-19,0.48934071166258236,0.5106592883374177
2022-08-22,0.5264373208649592,0.4735626791350408
2022-08-23,0.543551790079807,0.45644820992019297
2022-08-24,0.25320103810184885,0.7467989618981512
2022-08-25,0.43682238291324327,0.5631776170867567
2022-08-26,0.373851819327672,0.626148180672328
2022-08-29,0.5079563471005366,0.4920436528994634
2022-08-30,0.32554441060273953,0.6744555893972605
2022-08-31,0.5443088467345228,0.45569115326547716
2022-09-01,0.4341123908631242,0.5658876091368759
2022-09-02,0.4880612206686493,0.5119387793313507
2022-09-05,0.2756798658468305,0.7243201341531695
2022-09-06,0.3050373654276595,0.6949626345723405
2022-09-07,0.477521101910261,0.522478898089739
2022-09-08,0.25659595661179707,0.743404043388203
2022-09-09,0.49506339576813485,0.5049366042318651
2022-09-12,0.25418470560757345,0.7458152943924266
2022-09-13,0.44713565171838204,0.552864348281618
2022-09-14,0.3595281760695418,0.6404718239304582
2022-09-15,0.43344845581575975,0.5665515441842403
2022-09-16,0.45880942209673414,0.5411905779032659
2022-09-19,0.35274256575589125,0.6472574342441088
2022-09-20,0.2823887344332507,0.7176112655667493
2022-09-21,0.2708937603244797,0.7291062396755204
2022-09-22,0.42668080676876435,0.5733191932312356
2022-09-23,0.4061966061202335,0.5938033938797664
2022-09-26,0.4726603027363398,0.5273396972636601
2022-09-27,0.4029206530011812,0.5970793469988188
2022-09-28,0.37673373700926377,0.6232662629907362
2022-09-29,0.36942615347086927,0.6305738465291307
2022-09-30,0.25793407077930025,0.7420659292206997
2022-10-03,0.35066716050899716,0.6493328394910028
2022-10-04,0.5428060472573483,0.45719395274265173
2022-10-05,0.5120666728681267,0.4879333271318733
2022-10-06,0.34881342011026534,0.6511865798897347
2022-10-07,0.4263386215199117,0.5736613784800884
2022-10-10,0.5041890236606482,0.4958109763393518
2022-10-11,0.38238230102502063,0.6176176989749793
2022-10-12,0.2553873591250453,0.7446126408749547
2022-10-13,0.272353138545592,0.727646861454408
2022-10-14,0.40311781640461203,0.5968821835953879
2022-10-17,0.5408318127027636,0.4591681872972364
2022-10-18,0.4579628626656604,0.5420371373343396
2022-10-19,0.27127485743157087,0.7287251425684291
2022-10-20,0.30680826273755885,0.6931917372624412
2022-10-21,0.48139694296505503,0.5186030570349449
2022-10-24,0.5024319279868734,0.4975680720131266
2022-10-25,0.4353083758565773,0.5646916241434228
2022-10-26,0.443326950888945,0.556673049111055
2022-10-27,0.2585012351150154,0.7414987648849847
2022-10-28,0.4985590778744526,0.5014409221255474
2022-10-31,0.48648256245124893,0.513517437548751
2022-11-01,0.3277105432310042,0.6722894567689959
2022-11-02,0.46260301598965214,0.5373969840103479
2022-11-03,0.3144563819274994,0.6855436180725005
2022-11-04,0.2620990483154539,0.7379009516845461
2022-11-07,0.3103409627771132,0.6896590372228868
2022-11-08,0.30358866302628984,0.6964113369737102
2022-11-09,0.3513243990204542,0.6486756009795458
2022-11-10,0.37553484915263746,0.6244651508473625
2022-11-11,0.4025616674493124,0.5974383325506876
2022-11-14,0.39302616265249846,0.6069738373475015
2022-11-15,0.33120238178958683,0.6687976182104132
2022-11-16,0.25875120057222234,0.7412487994277777
2022-11-17,0.43153048667114524,0.5684695133288548
2022-11-18,0.36872344895420633,0.6312765510457936
2022-11-21,0.3396016472162649,0.6603983527837352
2022-11-22,0.5100823128491537,0.48991768715084627
2022-11-23,0.47402299233944795,0.5259770076605521
2022-11-24,0.5073296645117327,0.49267033548826733
2022-11-25,0.39849483841373834,0.6015051615862617
2022-11-28,0.28927937563803324,0.7107206243619668
2022-11-29,0.45886643083638173,0.5411335691636183
2022-11-30,0.3118221339811526,0.6881778660188473
2022-12-01,0.38236890072751506,0.6176310992724849
2022-12-02,0.26950023668466655,0.7304997633153334
2022-12-05,0.49759252072689475,0.5024074792731053
2022-12-06,0.2877821923142502,0.7122178076857498
2022-12-07,0.5209292521147929,0.4790707478852071
2022-12-08,0.5092691806784672,0.49073081932153284
2022-12-09,0.38937482933177386,0.6106251706682262
2022-12-12,0.47331046129119725,0.5266895387088028
2022-12-13,0.435833522145446,0.564166477854554
2022-12-14,0.4909226927013235,0.5090773072986765
2022-12-15,0.37954153023577364,0.6204584697642264
2022-12-16,0.485742545273305,0.5142574547266949
2022-12-19,0.38873704511954443,0.6112629548804556
2022-12-20,0.5322897363528382,0.46771026364716184
2022-12-21,0.3959116302475443,0.6040883697524557
2022-12-22,0.3887857815801189,0.6112142184198811
2022-12-23,0.48552155846905387,0.5144784415309461
2022-12-26,0.4964733075282514,0.5035266924717485
2022-12-27,0.4163467342963513,0.5836532657036487
2022-12-28,0.30393934404852263,0.6960606559514774
2022-12-29,0.39032746928727385,0.6096725307127262
2022-12-30,0.5404217508729036,0.45957824912709644
2023-01-02,0.4758958579117556,0.5241041420882444
2023-01-03,0.4933487811637397,0.5066512188362603
2023-01-04,0.25984764964577206,0.740152350354228
2023-01-05,0.390357838790248,0.609642161209752
2023-01-06,0.4439863400972666,0.5560136599027334
2023-01-09,0.49900980508842246,0.5009901949115776
2023-01-10,0.26478209607483144,0.7352179039251685
2023-01-11,0.505731665692562,0.494268334307438
2023-01-12,0.41452028102257354,0.5854797189774265
2023-01-13,0.309194191172818,0.690805808827182
2023-01-16,0.34517656493491,0.65482343506509
2023-01-17,0.3345788655254682,0.6654211344745318
2023-01-18,0.4092577102865428,0.5907422897134572
2023-01-19,0.26550570397333956,0.7344942960266605
2023-01-20,0.2975608475499771,0.7024391524500229
2023-01-23,0.49380791301273474,0.5061920869872653
2023-01-24,0.28978119722404333,0.7102188027759566
2023-01-25,0.3200188808374381,0.6799811191625619
2023-01-26,0.3860111816812472,0.6139888183187527
2023-01-27,0.40513626643399914,0.5948637335660009
2023-01-30,0.4790831438842476,0.5209168561157524
2023-01-31,0.38419972799985636,0.6158002720001436
2023-02-01,0.48695938631066166,0.5130406136893384
2023-02-02,0.43550389211363727,0.5644961078863627
2023-02-03,0.2839299218271467,0.7160700781728533
2023-02-06,0.2968994315178516,0.7031005684821484
2023-02-07,0.38111011763493124,0.6188898823650688
2023-02-08,0.3690668179267119,0.6309331820732881
2023-02-09,0.47306328089118843,0.5269367191088116
2023-02-10,0.42422114193920557,0.5757788580607944
2023-02-13,0.3664399243006748,0.6335600756993252
2023-02-14,0.3012280850351157,0.6987719149648843
2023-02-15,0.31805113069764857,0.6819488693023514
2023-02-16,0.4226503055407177,0.5773496944592823
2023-02-17,0.3770316414699378,0.6229683585300623
2023-02-20,0.40447825265820164,0.5955217473417984
2023-02-21,0.3012032305906701,0.6987967694093299
2023-02-22,0.4488718757033698,0.5511281242966302
2023-02-23,0.5057616222567901,0.4942383777432099
2023-02-24,0.3273818520360702,0.6726181479639298
2023-02-27,0.397454267749548,0.6025457322504519
2023-02-28,0.5426581987062705,0.4573418012937295
2023-03-01,0.3499725221652183,0.6500274778347817
2023-03-02,0.42851390347712837,0.5714860965228716
2023-03-03,0.2770587100600733,0.7229412899399267
2023-03-06,0.431804500743833,0.5681954992561671
2023-03-07,0.2768895319913854,0.7231104680086147
2023-03-08,0.5377706305971467,0.4622293694028533
2023-03-09,0.4646987956216935,0.5353012043783065
2023-03-10,0.48644793644071194,0.5135520635592881
2023-03-13,0.4612313082314911,0.5387686917685088
2023-03-14,0.42691871082293975,0.5730812891770602
2023-03-15,0.38497383432565163,0.6150261656743483
2023-03-16,0.5075120139283188,0.4924879860716812
2023-03-17,0.5370507002629189,0.4629492997370811
2023-03-20,0.3997108518712244,0.6002891481287755
2023-03-21,0.5294605147465786,0.4705394852534214
2023-03-22,0.4249998729965553,0.5750001270034447
2023-03-23,0.41151525606892997,0.5884847439310701
2023-03-24,0.386344819886607,0.6136551801133929
2023-03-27,0.312786328459036,0.687213671540964
2023-03-28,0.25111589824541775,0.7488841017545822
2023-03-29,0.3224518680568184,0.6775481319431815
2023-03-30,0.4029169514810696,0.5970830485189305
2023-03-31,0.3639879856779258,0.6360120143220742
2023-04-03,0.3845455684007902,0.6154544315992099
2023-04-04,0.5441944658692149,0.45580553413078506
2023-04-05,0.3550817112007983,0.6449182887992018
2023-04-06,0.38565488180803237,0.6143451181919677
2023-04-07,0.2900546654058459,0.7099453345941541
2023-04-10,0.2643873197310963,0.7356126802689037
2023-04-11,0.48262285437774843,0.5173771456222516
2023-04-12,0.4212049525215936,0.5787950474784064
2023-04-13,0.47821144181316855,0.5217885581868315
2023-04-14,0.2949588396659655,0.7050411603340345
2023-04-17,0.4215486313548073,0.5784513686451926
2023-04-18,0.3260927423024127,0.6739072576975873
2023-04-19,0.318418545070006,0.681581454929994
2023-04-20,0.2534578042158956,0.7465421957841044
2023-04-21,0.2891022170707216,0.7108977829292784
2023-04-24,0.3427804334499086,0.6572195665500914
2023-04-25,0.2850636281772817,0.7149363718227183
2023-04-26,0.5457575321232813,0.45424246787671874
2023-04-27,0.3425897945571852,0.6574102054428148
2023-04-28,0.28909718401069845,0.7109028159893016
2023-05-01,0.30972469384838736,0.6902753061516127
2023-05-02,0.426310968502443,0.573689031497557
2023-05-03,0.26921305715943655,0.7307869428405634
2023-05-04,0.5087302390423472,0.49126976095765285
2023-05-05,0.5384499037711442,0.4615500962288558
2023-05-08,0.32402422620021426,0.6759757737997858
2023-05-09,0.3850285805772578,0.6149714194227422
2023-05-10,0.2566403353088491,0.7433596646911509
2023-05-11,0.44221306741816646,0.5577869325818335
2023-05-12,0.37417781741577666,0.6258221825842234
2023-05-15,0.3310175398304667,0.6689824601695333
2023-05-16,0.31205113318498257,0.6879488668150174
2023-05-17,0.4462069232976282,0.5537930767023718
2023-05-18,0.37486510930969436,0.6251348906903056
2023-05-19,0.3038977867089736,0.6961022132910264
2023-05-22,0.45673272444604723,0.5432672755539527
2023-05-23,0.4195216849110081,0.5804783150889918
2023-05-24,0.5076016164788489,0.49239838352115106
2023-05-25,0.28524276966294787,0.7147572303370522
2023-05-26,0.48569998058333685,0.5143000194166631
2023-05-29,0.4520550360451777,0.5479449639548223
2023-05-30,0.28450328104842937,0.7154967189515706
2023-05-31,0.45844621896151627,0.5415537810384837
2023-06-01,0.38246418666394916,0.6175358133360509
2023-06-02,0.533495435666753,0.46650456433324705
2023-06-05,0.2924834051853698,0.7075165948146303
2023-06-06,0.44285001724472145,0.5571499827552786
2023-06-07,0.36459401363888383,0.6354059863611161
2023-06-08,0.5370444011772634,0.4629555988227366
2023-06-09,0.34899246858708294,0.6510075314129171
2023-06-12,0.5386557728475401,0.46134422715245993
2023-06-13,0.5204457553302247,0.47955424466977525
2023-06-14,0.3311149705931969,0.6688850294068032
2023-06-15,0.49106253304792835,0.5089374669520716
2023-06-16,0.5486812605410518,0.4513187394589482
2023-06-19,0.3257989006513847,0.6742010993486153
2023-06-20,0.3810331507969959,0.618966849203004
2023-06-21,0.4060542209700279,0.593945779029972
2023-06-22,0.3384793407411593,0.6615206592588407
2023-06-23,0.25457945189380893,0.7454205481061911
2023-06-26,0.316038773259258,0.683961226740742
2023-06-27,0.33458106530252757,0.6654189346974724
2023-06-28,0.3830799103954562,0.6169200896045438
2023-06-29,0.30133074352402056,0.6986692564759794
2023-06-30,0.5119763070075019,0.48802369299249815
2023-07-03,0.46147333981940086,0.5385266601805991
2023-07-04,0.27556014326789857,0.7244398567321014
2023-07-05,0.4450277353419795,0.5549722646580205
2023-07-06,0.44609694292168617,0.5539030570783139
2023-07-07,0.5368663520930883,0.4631336479069117
2023-07-10,0.25090626140684835,0.7490937385931516
2023-07-11,0.32437973494174216,0.6756202650582579
2023-07-12,0.5283374438125947,0.47166255618740527
2023-07-13,0.529640174619485,0.470359825380515
2023-07-14,0.46617592581119127,0.5338240741888087
2023-07-17,0.479728996314262,0.520271003685738
2023-07-18,0.2774448873788941,0.7225551126211058
2023-07-19,0.4041627504334701,0.5958372495665298
2023-07-20,0.3194748973866998,0.6805251026133001
2023-07-21,0.3043654130840852,0.6956345869159148
2023-07-24,0.4930909897369998,0.5069090102630003
2023-07-25,0.29051144100416426,0.7094885589958357
2023-07-26,0.3905954910989156,0.6094045089010844
2023-07-27,0.5315734718758099,0.46842652812419006
2023-07-28,0.30574961666960276,0.6942503833303972
2023-07-31,0.5433980271214705,0.45660197287852955
2023-08-01,0.5482863957283177,0.4517136042716823
2023-08-02,0.4166851464047209,0.5833148535952791
2023-08-03,0.30104282205314736,0.6989571779468526
2023-08-04,0.3448314663822687,0.6551685336177313
2023-08-07,0.37734784980296054,0.6226521501970395
2023-08-08,0.3427972673074669,0.6572027326925332
2023-08-09,0.33419067396295477,0.6658093260370452
2023-08-10,0.5416689127649073,0.45833108723509275
2023-08-11,0.2960094482247237,0.7039905517752763
2023-08-14,0.4699983726150587,0.5300016273849413
2023-08-15,0.25012308683175244,0.7498769131682476
2023-08-16,0.4288548008207131,0.5711451991792869
2023-08-17,0.5247829011862157,0.47521709881378427
2023-08-18,0.3363802282279657,0.6636197717720342
2023-08-21,0.3056577925773158,0.6943422074226842
2023-08-22,0.44550393846352815,0.5544960615364718
2023-08-23,0.463780422189518,0.536219577810482
2023-08-24,0.4564091556855944,0.5435908443144055
2023-08-25,0.34579506400641224,0.6542049359935878
2023-08-28,0.3256607206477993,0.6743392793522007
2023-08-29,0.5367756399886133,0.46322436001138667
2023-08-30,0.5269898524809788,0.47301014751902115
2023-08-31,0.3871949829678461,0.612805017032154
2023-09-01,0.5038581598463121,0.4961418401536879
2023-09-04,0.3856970432902888,0.6143029567097111
2023-09-05,0.37731670542175316,0.6226832945782468
2023-09-06,0.2970288842797884,0.7029711157202116
2023-09-07,0.37792181694759186,0.6220781830524081
2023-09-08,0.41122508157994214,0.5887749184200579
2023-09-11,0.25675129822860593,0.743248701771394
2023-09-12,0.38323390155262194,0.6167660984473781
2023-09-13,0.4844068655185601,0.51559313448144
2023-09-14,0.454013816912281,0.5459861830877191
2023-09-15,0.4405470966591805,0.5594529033408195
2023-09-18,0.5228666285311608,0.47713337146883916
2023-09-19,0.255409602947569,0.744590397052431
2023-09-20,0.41711427585767025,0.5828857241423298
2023-09-21,0.48620465452291217,0.5137953454770878
2023-09-22,0.4124006148103802,0.5875993851896197
2023-09-25,0.34716866577411376,0.6528313342258862
2023-09-26,0.29087516952759335,0.7091248304724067
2023-09-27,0.5162689215448575,0.4837310784551425
2023-09-28,0.3912287177162809,0.608771282283719
2023-09-29,0.5134345590957105,0.48656544090428955
2023-10-02,0.42575563672995054,0.5742443632700495
2023-10-03,0.4522576349845003,0.5477423650154998
2023-10-04,0.49127834631353506,0.5087216536864649
2023-10-05,0.4477466633800403,0.5522533366199597
2023-10-06,0.36941645220368136,0.6305835477963186
2023-10-09,0.40409001517859533,0.5959099848214047
2023-10-10,0.490913657402764,0.5090863425972361
2023-10-11,0.3620950889118953,0.6379049110881048
2023-10-12,0.3664364370305491,0.6335635629694509
2023-10-13,0.27870703481740033,0.7212929651825997
2023-10-16,0.5243753305665243,0.4756246694334757
2023-10-17,0.2773108944836325,0.7226891055163676
2023-10-18,0.4444627532345668,0.5555372467654331
2023-10-19,0.37395834364083935,0.6260416563591606
2023-10-20,0.37168581707663273,0.6283141829233673
2023-10-23,0.4538655509718052,0.5461344490281947
2023-10-24,0.2701281197889636,0.7298718802110364
2023-10-25,0.4281117348854304,0.5718882651145696
2023-10-26,0.48160953579170646,0.5183904642082935
2023-10-27,0.4984638273659783,0.5015361726340217
2023-10-30,0.3011591168181326,0.6988408831818673
2023-10-31,0.5192257150234522,0.48077428497654784
2023-11-01,0.4468438275542327,0.5531561724457673
2023-11-02,0.5145564402462048,0.48544355975379516
2023-11-03,0.3955842151330595,0.6044157848669405
2023-11-06,0.4126100035291606,0.5873899964708393
2023-11-07,0.5257114831086014,0.4742885168913986
2023-11-08,0.5199728630064016,0.48002713699359845
2023-11-09,0.38444826201070065,0.6155517379892994
2023-11-10,0.3323237894907045,0.6676762105092955
2023-11-13,0.3679511303692793,0.6320488696307207
2023-11-14,0.36632929855892493,0.6336707014410751
2023-11-15,0.3360600624948382,0.6639399375051618
2023-11-16,0.33057388129988996,0.66942611870011
2023-11-17,0.5083188809439159,0.49168111905608414
2023-11-20,0.2709585762053985,0.7290414237946015
2023-11-21,0.4532833546298783,0.5467166453701218
2023-11-22,0.3018460154369357,0.6981539845630643
2023-11-23,0.353351768018219,0.646648231981781
2023-11-24,0.26846291024045105,0.731537089759549
2023-11-27,0.3309920910566386,0.6690079089433614
2023-11-28,0.48052632133517265,0.5194736786648273
2023-11-29,0.5155045973641776,0.48449540263582236
2023-11-30,0.3164581455707101,0.6835418544292899
2023-12-01,0.38906435177767656,0.6109356482223234
2023-12-04,0.39109721438116196,0.608902785618838
2023-12-05,0.5120725917279203,0.4879274082720797
2023-12-06,0.47883971586274165,0.5211602841372583
2023-12-07,0.40392316551041496,0.596076834489585
2023-12-08,0.45122416014153205,0.5487758398584679
2023-12-11,0.5042065161728101,0.4957934838271899
2023-12-12,0.25286168620766347,0.7471383137923365
2023-12-13,0.3708670093150146,0.6291329906849854
2023-12-14,0.5221729501831236,0.4778270498168764
2023-12-15,0.47209390925318545,0.5279060907468145
2023-12-18,0.4128524123002224,0.5871475876997776
2023-12-19,0.40889335811054006,0.5911066418894599
2023-12-20,0.35433102928133137,0.6456689707186687
2023-12-21,0.40615616009245437,0.5938438399075456
2023-12-22,0.446614959839036,0.553385040160964
2023-12-25,0.37550891152863797,0.624491088471362
2023-12-26,0.4642459439176522,0.5357540560823477
2023-12-27,0.5083696681781158,0.4916303318218842
2023-12-28,0.29640545445545835,0.7035945455445416
2023-12-29,0.38546410684522736,0.6145358931547726
2024-01-01,0.37240602738552436,0.6275939726144757
2024-01-02,0.45623944121491844,0.5437605587850816
2024-01-03,0.3249602395773788,0.6750397604226213
2024-01-04,0.4420752744856829,0.5579247255143172
2024-01-05,0.5132467725194464,0.4867532274805536
2024-01-08,0.37543947993808685,0.6245605200619131
2024-01-09,0.5233047099937661,0.4766952900062339
2024-01-10,0.5479491216800436,0.4520508783199564
2024-01-11,0.28182761498438563,0.7181723850156143
2024-01-12,0.3199159563954576,0.6800840436045423
2024-01-15,0.535113925444628,0.464886074555372
2024-01-16,0.537498305944416,0.46250169405558395
2024-01-17,0.2793121826160275,0.7206878173839725
2024-01-18,0.254499550113141,0.7455004498868589
2024-01-19,0.2983300069769267,0.7016699930230733
2024-01-22,0.5488038350146746,0.45119616498532544
2024-01-23,0.30399988498320607,0.6960001150167939
2024-01-24,0.40076428201660697,0.599235717983393
2024-01-25,0.5045253179291533,0.49547468207084666
2024-01-26,0.2561204832064619,0.7438795167935381
2024-01-29,0.4313466946775379,0.568653305322462
2024-01-30,0.33310763466088733,0.6668923653391127
2024-01-31,0.5087004749319195,0.4912995250680805
2024-02-01,0.3350383447792238,0.6649616552207762
2024-02-02,0.4560267160845727,0.5439732839154273
2024-02-05,0.4522658897342191,0.5477341102657809
2024-02-06,0.316448064657892,0.683551935342108
2024-02-07,0.26043975996050506,0.7395602400394949
2024-02-08,0.3727748721356192,0.6272251278643808
2024-02-09,0.3367579455897609,0.6632420544102391
2024-02-12,0.4926933248841126,0.5073066751158875
2024-02-13,0.49010925653660364,0.5098907434633964
2024-02-14,0.3871071856577877,0.6128928143422123
2024-02-15,0.4319536675969657,0.5680463324030343
2024-02-16,0.43127785479607755,0.5687221452039224
2024-02-19,0.498147444528287,0.501852555471713
2024-02-20,0.3775007242369593,0.6224992757630408
2024-02-21,0.33263400393715276,0.6673659960628473
2024-02-22,0.3295104754421643,0.6704895245578357
2024-02-23,0.41085768378466125,0.5891423162153387
2024-02-26,0.3847444608196638,0.6152555391803363
2024-02-27,0.38203623129548087,0.6179637687045192
2024-02-28,0.2773412017269122,0.7226587982730879
2024-02-29,0.4655811222070587,0.5344188777929413
2024-03-01,0.31412100639457324,0.6858789936054268
2024-03-04,0.3090860890626164,0.6909139109373836
2024-03-05,0.3738274960832181,0.6261725039167819
2024-03-06,0.3183335024853404,0.6816664975146596
2024-03-07,0.4251574801924046,0.5748425198075954
2024-03-08,0.36143900180034144,0.6385609981996585
2024-03-11,0.38467351677783707,0.615326483222163
2024-03-12,0.41115079648120867,0.5888492035187913
2024-03-13,0.3110606567445415,0.6889393432554585
2024-03-14,0.29672548685965894,0.7032745131403411
2024-03-15,0.5141265708620815,0.48587342913791853
2024-03-18,0.38011711084942634,0.6198828891505737
2024-03-19,0.3736280828897618,0.6263719171102382
2024-03-20,0.26068364508185243,0.7393163549181476
2024-03-21,0.399392890776218,0.600607109223782
2024-03-22,0.41625091648330004,0.5837490835167
2024-03-25,0.4176522612864,0.5823477387136
2024-03-26,0.4621093507968653,0.5378906492031347
2024-03-27,0.30324455049730353,0.6967554495026964
2024-03-28,0.32566694026918563,0.6743330597308144
2024-03-29,0.49321913956912383,0.5067808604308761
2024-04-01,0.5341511850530183,0.4658488149469817
2024-04-02,0.2907798242101962,0.7092201757898038
2024-04-03,0.39929486635156547,0.6007051336484346
2024-04-04,0.31425287582187605,0.6857471241781239
2024-04-05,0.26802195050649474,0.7319780494935053
2024-04-08,0.3476510014378406,0.6523489985621593
2024-04-09,0.29310628755526386,0.7068937124447361
2024-04-10,0.46297992203027394,0.5370200779697261
2024-04-11,0.4101176241014334,0.5898823758985666
2024-04-12,0.2931503412970933,0.7068496587029067
2024-04-15,0.2527724765216543,0.7472275234783456
2024-04-16,0.4924471147072638,0.5075528852927362
2024-04-17,0.30285832184927425,0.6971416781507258
2024-04-18,0.4318649926662298,0.5681350073337702
2024-04-19,0.35107657392302366,0.6489234260769763
2024-04-22,0.4256457814945107,0.5743542185054893
2024-04-23,0.3446960880946972,0.6553039119053028
2024-04-24,0.2760818682076763,0.7239181317923238
2024-04-25,0.3168850025673261,0.6831149974326739
2024-04-26,0.3064175699437227,0.6935824300562773
2024-04-29,0.3784058057318932,0.6215941942681068
2024-04-30,0.44748513502784726,0.5525148649721527
2024-05-01,0.3291418224839073,0.6708581775160927
2024-05-02,0.2536209805901854,0.7463790194098145
2024-05-03,0.4056812092794271,0.5943187907205729
2024-05-06,0.43172784680769166,0.5682721531923083
2024-05-07,0.538861148200543,0.461138851799457
2024-05-08,0.4268412409279741,0.573158759072026
2024-05-09,0.39135176781344255,0.6086482321865574
2024-05-10,0.42202048776931117,0.5779795122306888
2024-05-13,0.5283701889586081,0.4716298110413919
2024-05-14,0.4985134436804939,0.5014865563195061
2024-05-15,0.3468936200091424,0.6531063799908576
2024-05-16,0.3211763090971412,0.6788236909028589
2024-05-17,0.3287900837098221,0.6712099162901779
2024-05-20,0.4013263119145639,0.5986736880854361
2024-05-21,0.4732148353685734,0.5267851646314266
2024-05-22,0.40096576215488866,0.5990342378451113
2024-05-23,0.2703389187484338,0.7296610812515663
2024-05-24,0.4670742101319943,0.5329257898680058
2024-05-27,0.4917910386012862,0.5082089613987137
2024-05-28,0.3368493595359159,0.6631506404640841
2024-05-29,0.44923772178500515,0.5507622782149948
2024-05-30,0.377977570316318,0.622022429683682
2024-05-31,0.5167358067182329,0.48326419328176706
2024-06-03,0.503567667448222,0.496432332551778
2024-06-04,0.4076295994928927,0.5923704005071073
2024-06-05,0.45745166374407836,0.5425483362559216
2024-06-06,0.5150049103066312,0.4849950896933688
2024-06-07,0.3987151030234827,0.6012848969765173
2024-06-10,0.3439752221466466,0.6560247778533534
2024-06-11,0.4760998413728744,0.5239001586271256
2024-06-12,0.3160198764354075,0.6839801235645925
2024-06-13,0.36655934440181265,0.6334406555981873
2024-06-14,0.5097181711320381,0.4902818288679619
2024-06-17,0.4673267020807946,0.5326732979192055
2024-06-18,0.3711433015742498,0.6288566984257502
2024-06-19,0.3144233507225072,0.6855766492774928
2024-06-20,0.356790517249671,0.643209482750329
2024-06-21,0.3352312447682299,0.66476875523177
2024-06-24,0.3028267863831562,0.6971732136168438
2024-06-25,0.472999874069697,0.527000125930303
2024-06-26,0.3256209660550515,0.6743790339449485
2024-06-27,0.3862502410503292,0.6137497589496708
2024-06-28,0.36575783405083273,0.6342421659491673
2024-07-01,0.5446232135906893,0.4553767864093107
2024-07-02,0.3673276732444662,0.6326723267555339
2024-07-03,0.2739947448390264,0.7260052551609736
2024-07-04,0.2769477257716252,0.7230522742283748
2024-07-05,0.42722611640591945,0.5727738835940805
2024-07-08,0.4298090655214797,0.5701909344785203
2024-07-09,0.3756276971447965,0.6243723028552035
2024-07-10,0.37955310769360895,0.620446892306391
2024-07-11,0.26617977485226135,0.7338202251477386
2024-07-12,0.4049639531167787,0.5950360468832213
2024-07-15,0.4014218426141055,0.5985781573858945
2024-07-16,0.2948647955670834,0.7051352044329167
2024-07-17,0.28115181583327825,0.7188481841667218
2024-07-18,0.2870717471798471,0.7129282528201528
2024-07-19,0.28030847394737757,0.7196915260526224
2024-07-22,0.43291245866102795,0.567087541338972
2024-07-23,0.3089447957208756,0.6910552042791245
2024-07-24,0.32542904565623904,0.674570954343761
2024-07-25,0.30207164324543195,0.697928356754568
2024-07-26,0.537350591334551,0.462649408665449
2024-07-29,0.5063852389455507,0.49361476105444935
2024-07-30,0.31914845120545626,0.6808515487945437
2024-07-31,0.3482698881766378,0.6517301118233623
2024-08-01,0.3129678526914992,0.6870321473085008
2024-08-02,0.39756278783824717,0.6024372121617528
2024-08-05,0.2558831597422761,0.7441168402577238
2024-08-06,0.45141040266903876,0.5485895973309612
2024-08-07,0.4069474449452925,0.5930525550547074
2024-08-08,0.519591678490331,0.48040832150966895
2024-08-09,0.29931780529852425,0.7006821947014757
2024-08-12,0.4912327738183395,0.5087672261816605
2024-08-13,0.48758830434001477,0.5124116956599852
2024-08-14,0.28815435676506607,0.7118456432349339
2024-08-15,0.3695677672432383,0.6304322327567617
2024-08-16,0.3010457923433551,0.6989542076566448
2024-08-19,0.32641615013726466,0.6735838498627353
2024-08-20,0.32897385244916333,0.6710261475508367
2024-08-21,0.41687091820773187,0.5831290817922681
2024-08-22,0.3734232795281397,0.6265767204718603
2024-08-23,0.5343198412018917,0.4656801587981083
2024-08-26,0.28791104258410155,0.7120889574158984
2024-08-27,0.5421076404550597,0.45789235954494034
2024-08-28,0.3191915920642792,0.6808084079357208
2024-08-29,0.48186218091455596,0.518137819085444
2024-08-30,0.35169097785184644,0.6483090221481536
2024-09-02,0.2929244186251942,0.7070755813748058
2024-09-03,0.507366755573872,0.492633244426128
2024-09-04,0.342658269770939,0.657341730229061
2024-09-05,0.44765662126805267,0.5523433787319474
2024-09-06,0.419933105525988,0.5800668944740119
2024-09-09,0.39152689281726233,0.6084731071827376
2024-09-10,0.39874584179456174,0.6012541582054383
2024-09-11,0.4696713742276863,0.5303286257723137
2024-09-12,0.27633187423703215,0.7236681257629678
2024-09-13,0.45045419858737157,0.5495458014126284
2024-09-16,0.5187436304195736,0.4812563695804264
2024-09-17,0.26733645910595927,0.7326635408940407
2024-09-18,0.2921960017701,0.7078039982299
2024-09-19,0.46498958101060944,0.5350104189893905
2024-09-20,0.3811844944733853,0.6188155055266147
2024-09-23,0.37106458624410654,0.6289354137558935
2024-09-24,0.29108999036327077,0.7089100096367292
2024-09-25,0.40203101221533644,0.5979689877846636
2024-09-26,0.2879635933589132,0.7120364066410868
2024-09-27,0.39298613689316214,0.6070138631068378
2024-09-30,0.47908458968849704,0.520915410311503
2024-10-01,0.32747930736614905,0.672520692633851
2024-10-02,0.39423585045391824,0.6057641495460817
2024-10-03,0.5476047908190508,0.4523952091809492
2024-10-04,0.4559951270062112,0.5440048729937887
2024-10-07,0.5024070313915596,0.4975929686084404
2024-10-08,0.37445428196816377,0.6255457180318362
2024-10-09,0.4803582769377566,0.5196417230622434
2024-10-10,0.26215275188239656,0.7378472481176035
2024-10-11,0.2868733547626735,0.7131266452373265
2024-10-14,0.31092117787601864,0.6890788221239814
2024-10-15,0.3705855773845659,0.6294144226154341
2024-10-16,0.503723463497729,0.496276536502271
2024-10-17,0.3538798152363792,0.6461201847636209
2024-10-18,0.4463863580546389,0.5536136419453611
2024-10-21,0.46279428844104503,0.537205711558955
2024-10-22,0.42585470622650246,0.5741452937734975
2024-10-23,0.3571725904510409,0.6428274095489591
2024-10-24,0.4231160025140633,0.5768839974859368
2024-10-25,0.3526796778369239,0.6473203221630761
2024-10-28,0.2751621215656036,0.7248378784343964
2024-10-29,0.5478411934558044,0.4521588065441956
2024-10-30,0.2881547360897533,0.7118452639102467
2024-10-31,0.2717045151508172,0.7282954848491827
2024-11-01,0.5135592247621468,0.48644077523785323
2024-11-04,0.34055039826786854,0.6594496017321314
2024-11-05,0.44508909222205234,0.5549109077779477
2024-11-06,0.34870171889866985,0.6512982811013301
2024-11-07,0.3674362812383414,0.6325637187616586
2024-11-08,0.328633891605039,0.671366108394961
2024-11-11,0.3529132017379031,0.6470867982620969
2024-11-12,0.37321012017596294,0.626789879824037
2024-11-13,0.4661248207277029,0.5338751792722971
2024-11-14,0.40346085827043754,0.5965391417295625
2024-11-15,0.5330695651470931,0.46693043485290686
2024-11-18,0.26256411815163266,0.7374358818483673
2024-11-19,0.40092049678960845,0.5990795032103915
2024-11-20,0.42526743664951544,0.5747325633504845
2024-11-21,0.5260590958222822,0.47394090417771784
2024-11-22,0.2647475570864283,0.7352524429135717
2024-11-25,0.42204987548056483,0.5779501245194352
2024-11-26,0.5060889785583872,0.4939110214416128
2024-11-27,0.322578318435771,0.677421681564229
2024-11-28,0.5128877045571812,0.48711229544281875
2024-11-29,0.2557130227822875,0.7442869772177125
2024-12-02,0.46973638874011897,0.5302636112598811
2024-12-03,0.529933966350596,0.470066033649404
2024-12-04,0.4471592984920187,0.5528407015079813
2024-12-05,0.38170877319413443,0.6182912268058656
2024-12-06,0.2634643049418154,0.7365356950581846
2024-12-09,0.5260341439967887,0.4739658560032113
2024-12-10,0.39108886680747246,0.6089111331925275
2024-12-11,0.2586990233007844,0.7413009766992156
2024-12-12,0.4569463213986286,0.5430536786013713
2024-12-13,0.3945511760728775,0.6054488239271225
2024-12-16,0.2873035952327232,0.7126964047672768
2024-12-17,0.3142815427930779,0.6857184572069221
2024-12-18,0.2693472041367539,0.730652795863246
2024-12-19,0.42228806191257207,0.5777119380874279
2024-12-20,0.4366088437756028,0.5633911562243972
2024-12-23,0.4017226895066333,0.5982773104933667
2024-12-24,0.4951306399007845,0.5048693600992156
2024-12-25,0.5083026463924041,0.4916973536075959
2024-12-26,0.434687319004938,0.5653126809950619
2024-12-27,0.25382694391222915,0.7461730560877708
2024-12-30,0.4585688967243207,0.5414311032756793
2024-12-31,0.3753997650761055,0.6246002349238945
2025-01-01,0.41966724496791613,0.5803327550320838
2025-01-02,0.4447241806056654,0.5552758193943346
2025-01-03,0.35507098429812306,0.644929015701877
2025-01-06,0.5251295515515383,0.4748704484484617
2025-01-07,0.2901924600249344,0.7098075399750656
2025-01-08,0.4514535421843113,0.5485464578156887
2025-01-09,0.25130787398697413,0.7486921260130259
2025-01-10,0.5273953316215543,0.4726046683784457
2025-01-13,0.2837512399714274,0.7162487600285725
2025-01-14,0.2784652690442724,0.7215347309557276
2025-01-15,0.3499022899156733,0.6500977100843267
2025-01-16,0.36206988581172417,0.6379301141882758
2025-01-17,0.3142900216968636,0.6857099783031364
2025-01-20,0.42553649827813744,0.5744635017218626
2025-01-21,0.3828742294125891,0.6171257705874109
2025-01-22,0.2602526767123262,0.7397473232876738
2025-01-23,0.3458956186765902,0.6541043813234098
2025-01-24,0.4931298740719512,0.5068701259280488
2025-01-27,0.4569104604585606,0.5430895395414395
2025-01-28,0.46746125607396416,0.5325387439260358
2025-01-29,0.4594350772250571,0.540564922774943
2025-01-30,0.34329190641491,0.65670809358509
2025-01-31,0.27989917662303276,0.7201008233769672
2025-02-03,0.33174015520992883,0.6682598447900712
2025-02-04,0.4995355900555478,0.5004644099444522
2025-02-05,0.5441412393349214,0.4558587606650786
2025-02-06,0.3981541044224684,0.6018458955775317
2025-02-07,0.25291010647691264,0.7470898935230874
2025-02-10,0.2920134436402687,0.7079865563597313
2025-02-11,0.34662417259487976,0.6533758274051202
2025-02-12,0.42357560457788496,0.5764243954221151
2025-02-13,0.2725280937415942,0.7274719062584059
2025-02-14,0.5330071896129646,0.46699281038703544
2025-02-17,0.35952510198532023,0.6404748980146797
2025-02-18,0.5237752653774469,0.4762247346225531
2025-02-19,0.4841565408271066,0.5158434591728934
2025-02-20,0.4766311817546744,0.5233688182453256
2025-02-21,0.4320158739346696,0.5679841260653304
2025-02-24,0.4380351451155534,0.5619648548844466
2025-02-25,0.4414009705648745,0.5585990294351255
2025-02-26,0.43861641610767466,0.5613835838923253
2025-02-27,0.4161184694195084,0.5838815305804916
2025-02-28,0.5459242055448668,0.45407579445513324
2025-03-03,0.46968717022770884,0.5303128297722912
2025-03-04,0.4830839165177564,0.5169160834822436
2025-03-05,0.5117388445251023,0.4882611554748977
2025-03-06,0.31469192881775476,0.6853080711822452
2025-03-07,0.2751412477285182,0.7248587522714818
2025-03-10,0.39486833097957963,0.6051316690204204
2025-03-11,0.40422420868578196,0.5957757913142181
2025-03-12,0.4987545339849753,0.5012454660150247
2025-03-13,0.38313507378470074,0.6168649262152992
2025-03-14,0.42125590766329385,0.5787440923367062
2025-03-17,0.40812128155403754,0.5918787184459624
2025-03-18,0.2614608351272173,0.7385391648727827
2025-03-19,0.4345644689790742,0.5654355310209258
2025-03-20,0.4984129857322757,0.5015870142677243
2025-03-21,0.29725016442274116,0.7027498355772588
2025-03-24,0.42829952017797873,0.5717004798220213
2025-03-25,0.4280831633339243,0.5719168366660756
2025-03-26,0.29925548921690764,0.7007445107830923
2025-03-27,0.2870390721192208,0.7129609278807791
2025-03-28,0.5440155828929455,0.4559844171070545
2025-03-31,0.3681157508959113,0.6318842491040887
2025-04-01,0.3182265186170588,0.6817734813829412
2025-04-02,0.3013973633363125,0.6986026366636875
2025-04-03,0.45028051407497055,0.5497194859250294
2025-04-04,0.43283358919818365,0.5671664108018164
2025-04-07,0.4430656368962253,0.5569343631037746
2025-04-08,0.2764018082534357,0.7235981917465644
2025-04-09,0.5180603750495312,0.4819396249504688
2025-04-10,0.3667799190427145,0.6332200809572854
2025-04-11,0.34401082192910737,0.6559891780708926
2025-04-14,0.38870843417432177,0.6112915658256782
2025-04-15,0.3670198197242885,0.6329801802757116
2025-04-16,0.5090731009417439,0.49092689905825615
2025-04-17,0.5287782925593677,0.4712217074406323
2025-04-18,0.34103596493488186,0.6589640350651181
2025-04-21,0.5091807422379865,0.4908192577620135
2025-04-22,0.4844569388599202,0.5155430611400798
2025-04-23,0.5292423017034286,0.47075769829657144
2025-04-24,0.32372509365576635,0.6762749063442337
2025-04-25,0.42308774503629376,0.5769122549637062
2025-04-28,0.3323633754221334,0.6676366245778667
2025-04-29,0.4972283471453123,0.5027716528546877
2025-04-30,0.25159725717131926,0.7484027428286808
2025-05-01,0.41944574886591884,0.5805542511340811
2025-05-02,0.3517610293815754,0.6482389706184246
2025-05-05,0.3468051121233461,0.6531948878766539
2025-05-06,0.4434718971594751,0.5565281028405249
2025-05-07,0.5054453347941982,0.4945546652058018
2025-05-08,0.43275861741799787,0.5672413825820022
2025-05-09,0.5059518935940168,0.4940481064059832
2025-05-12,0.329379133564309,0.670620866435691
2025-05-13,0.40585055642949436,0.5941494435705057
2025-05-14,0.3851609617201228,0.6148390382798772
2025-05-15,0.25349346985092885,0.7465065301490712
2025-05-16,0.41704364294222207,0.5829563570577779
2025-05-19,0.4484572972438525,0.5515427027561475
2025-05-20,0.42757432132572104,0.572425678674279
2025-05-21,0.4708839696350265,0.5291160303649736
2025-05-22,0.42140185853592316,0.5785981414640768
2025-05-23,0.27002507645522705,0.729974923544773
2025-05-26,0.2849336572254134,0.7150663427745866
2025-05-27,0.42894237326318574,0.5710576267368143
2025-05-28,0.33249375759209204,0.6675062424079079
2025-05-29,0.27389353871042976,0.7261064612895702
2025-05-30,0.37888082303456405,0.621119176965436
2025-06-02,0.41629677942509663,0.5837032205749033
2025-06-03,0.34862379650488196,0.651376203495118
2025-06-04,0.4661301106677334,0.5338698893322666
2025-06-05,0.4431311824303734,0.5568688175696266
2025-06-06,0.3498455083275016,0.6501544916724984
2025-06-09,0.47646175867256824,0.5235382413274318
2025-06-10,0.44460851275991065,0.5553914872400894
2025-06-11,0.44123361361537067,0.5587663863846293
2025-06-12,0.4160283102361204,0.5839716897638796
2025-06-13,0.25341690042656584,0.7465830995734342
2025-06-16,0.45895215504306675,0.5410478449569333
2025-06-17,0.362812537332747,0.637187462667253
2025-06-18,0.5327829130475967,0.46721708695240327
2025-06-19,0.49539543132316166,0.5046045686768383
2025-06-20,0.4263083408593937,0.5736916591406063
2025-06-23,0.32565459454578083,0.6743454054542192
2025-06-24,0.3111152179833,0.6888847820167
2025-06-25,0.35211545130326477,0.6478845486967353
2025-06-26,0.39297038307400556,0.6070296169259944
2025-06-27,0.33881965301168415,0.6611803469883158
2025-06-30,0.40447884861774486,0.5955211513822551
2025-07-01,0.2996111276539558,0.7003888723460442
2025-07-02,0.54331384384765,0.45668615615235
2025-07-03,0.2823773664894982,0.7176226335105018
2025-07-04,0.5295832418963117,0.4704167581036883
2025-07-07,0.5240734034208085,0.47592659657919145
2025-07-08,0.4076081445458494,0.5923918554541505
2025-07-09,0.46747308155082534,0.5325269184491747
2025-07-10,0.38081448939177637,0.6191855106082236
2025-07-11,0.4390103732627315,0.5609896267372685
2025-07-14,0.3521727812263356,0.6478272187736644
2025-07-15,0.3403477059356336,0.6596522940643663
2025-07-16,0.42346893585085416,0.5765310641491459
2025-07-17,0.39943890225519413,0.6005610977448059
2025-07-18,0.4238609107449943,0.5761390892550057
2025-07-21,0.3359981743861069,0.6640018256138931
2025-07-22,0.3600873495450986,0.6399126504549014
2025-07-23,0.2751693881886728,0.7248306118113272
2025-07-24,0.2656829116816617,0.7343170883183383
2025-07-25,0.3260371389019049,0.6739628610980951
2025-07-28,0.27227405779916375,0.7277259422008362
2025-07-29,0.2811324125904222,0.7188675874095778
2025-07-30,0.49387852161818113,0.5061214783818189
2025-07-31,0.2616621091050068,0.7383378908949931
2025-08-01,0.44768283818042287,0.5523171618195771
2025-08-04,0.33176732464462017,0.6682326753553798
2025-08-05,0.5114637042124379,0.4885362957875621
2025-08-06,0.39549768537324986,0.6045023146267501
2025-08-07,0.34167293779834773,0.6583270622016523
2025-08-08,0.40529168070683036,0.5947083192931697
2025-08-11,0.36458740571358067,0.6354125942864193
2025-08-12,0.4192903194009491,0.5807096805990509
2025-08-13,0.28435986049790446,0.7156401395020955
2025-08-14,0.5490971508437653,0.4509028491562347
2025-08-15,0.3776667633090153,0.6223332366909847
2025-08-18,0.3544691919122106,0.6455308080877894
2025-08-19,0.4630629544948795,0.5369370455051206
2025-08-20,0.35916982194859975,0.6408301780514003
2025-08-21,0.49998229150862733,0.5000177084913726
2025-08-22,0.3862812173081276,0.6137187826918724
2025-08-25,0.4658675239796305,0.5341324760203695
2025-08-26,0.282235964932566,0.717764035067434
2025-08-27,0.5038357556665336,0.4961642443334664
2025-08-28,0.470715396033433,0.5292846039665671
2025-08-29,0.3135150335385897,0.6864849664614103
2025-09-01,0.293585802923736,0.7064141970762641
2025-09-02,0.3448877046176873,0.6551122953823127
2025-09-03,0.5428211758095713,0.45717882419042866
2025-09-04,0.3270494723701176,0.6729505276298824
2025-09-05,0.38683816268399,0.6131618373160099
2025-09-08,0.2590060677152009,0.7409939322847992
2025-09-09,0.36916825886986976,0.6308317411301303
2025-09-10,0.4213960046299308,0.5786039953700692
2025-09-11,0.5359373837523895,0.46406261624761047
2025-09-12,0.40502081348201935,0.5949791865179807
2025-09-15,0.49573219785330636,0.5042678021466936
2025-09-16,0.4141382927706702,0.5858617072293297
2025-09-17,0.26223550403065543,0.7377644959693446
2025-09-18,0.3445024825569322,0.6554975174430677
2025-09-19,0.422664852349331,0.577335147650669
2025-09-22,0.5351781897793373,0.4648218102206627
2025-09-23,0.50773910792537,0.49226089207463
2025-09-24,0.3185066842536543,0.6814933157463456
2025-09-25,0.3160329490057491,0.6839670509942509
2025-09-26,0.31035189013417025,0.6896481098658298
2025-09-29,0.526749668890751,0.47325033110924897
2025-09-30,0.5057998459305162,0.4942001540694838
2025-10-01,0.48246502967588467,0.5175349703241153
2025-10-02,0.3678205342672683,0.6321794657327318
2025-10-03,0.4013142112896301,0.5986857887103699
2025-10-06,0.38929952343854585,0.6107004765614541
2025-10-07,0.3260194322678118,0.6739805677321882
2025-10-08,0.4015084138446301,0.5984915861553699
2025-10-09,0.25914896435582635,0.7408510356441736
2025-10-10,0.28954311204923777,0.7104568879507622
2025-10-13,0.515976878850684,0.484023121149316
2025-10-14,0.475503930109427,0.524496069890573
2025-10-15,0.37686052271772613,0.6231394772822738
2025-10-16,0.4051451086851632,0.5948548913148368
2025-10-17,0.36099966578799325,0.6390003342120067
2025-10-20,0.4722339601482018,0.5277660398517983
2025-10-21,0.4852561537696239,0.5147438462303762
2025-10-22,0.47898555706094775,0.5210144429390522
2025-10-23,0.4667835174503349,0.533216482549665
2025-10-24,0.31135130160783875,0.6886486983921613
2025-10-27,0.35139099377214367,0.6486090062278563
2025-10-28,0.3909536304951025,0.6090463695048975
2025-10-29,0.3492378974282967,0.6507621025717033
2025-10-30,0.4764820600474987,0.5235179399525013
2025-10-31,0.3488060572749864,0.6511939427250135
2025-11-03,0.29146962603560117,0.7085303739643989
2025-11-04,0.36971213561449123,0.6302878643855088
2025-11-05,0.5439743298347142,0.45602567016528583
2025-11-06,0.31776442388007275,0.6822355761199272
2025-11-07,0.43364759768296873,0.5663524023170312
2025-11-10,0.37989191495191194,0.620108085048088
2025-11-11,0.271307370294798,0.728692629705202
2025-11-12,0.39636298179941787,0.6036370182005821
2025-11-13,0.4606492985944938,0.5393507014055062
2025-11-14,0.40396599274834566,0.5960340072516543
2025-11-17,0.5116318191239744,0.4883681808760256
2025-11-18,0.3366811049972748,0.6633188950027251
2025-11-19,0.2758747513911895,0.7241252486088106
2025-11-20,0.5309696834974019,0.4690303165025981
2025-11-21,0.3634589048584657,0.6365410951415342
2025-11-24,0.42292166543609006,0.5770783345639099
2025-11-25,0.48760093783905883,0.5123990621609411
2025-11-26,0.3472940991626742,0.6527059008373258
2025-11-27,0.46484936145328337,0.5351506385467166
2025-11-28,0.2906256549453484,0.7093743450546516
2025-12-01,0.3373881241616516,0.6626118758383484
2025-12-02,0.29341319084095596,0.706586809159044
2025-12-03,0.4933691675204074,0.5066308324795926
2025-12-04,0.3167947705680356,0.6832052294319644
2025-12-05,0.4652210666215631,0.534778933378437
2025-12-08,0.5329895191736959,0.46701048082630414
2025-12-09,0.4083316627206631,0.5916683372793369
2025-12-10,0.4120087576782063,0.5879912423217937
2025-12-11,0.3883100704293436,0.6116899295706564
2025-12-12,0.34776704301809286,0.6522329569819072
2025-12-15,0.3926965092774752,0.6073034907225248
2025-12-16,0.4308422596800279,0.5691577403199721
2025-12-17,0.5457974716511979,0.45420252834880215
2025-12-18,0.5313293677954674,0.46867063220453264
2025-12-19,0.5086458874879366,0.4913541125120634
2025-12-22,0.5167391607114575,0.48326083928854247
2025-12-23,0.3903547549876129,0.609645245012387
2025-12-24,0.4472332981532395,0.5527667018467606
2025-12-25,0.5185200168808642,0.48147998311913576
2025-12-26,0.36788522949740593,0.632114770502594
2025-12-29,0.5385287435036407,0.46147125649635934
2025-12-30,0.37473581862075495,0.625264181379245
2025-12-31,0.4303247996179647,0.5696752003820353
